﻿<?xml version="1.0" encoding="utf-8"?>
<deployment>
  <id>3ec866df-9e73-4eff-8a9d-7307caf5fa55</id>
  <author>N/A</author>
  <deployer>GITHUB_ZIP_DEPLOY</deployer>
  <authorEmail>N/A</authorEmail>
  <message>{"type":"deployment","sha":"878456c6c1b87ea360b940704e197bdb9df03774","repoName":"chongcho/aimediatank-azure","actor":"chongcho","slotName":"production","commitMessage":"Update navbar to show User ID; Move Bio field next to avatar replacing Nickname"}</message>
  <progress></progress>
  <status>Success</status>
  <statusText></statusText>
  <lastSuccessEndTime>2025-12-16T15:30:33.5490163Z</lastSuccessEndTime>
  <receivedTime>2025-12-16T15:30:16.6805682Z</receivedTime>
  <startTime>2025-12-16T15:30:18.2592901Z</startTime>
  <endTime>2025-12-16T15:30:33.5490163Z</endTime>
  <complete>True</complete>
  <is_temp>False</is_temp>
  <is_readonly>True</is_readonly>
  <buildSummary />
</deployment>