﻿<?xml version="1.0" encoding="utf-8"?>
<deployment>
  <id>6eb39965-bd39-4b5d-a8f8-45dd21b6e1de</id>
  <author>N/A</author>
  <deployer>GITHUB_ZIP_DEPLOY</deployer>
  <authorEmail>N/A</authorEmail>
  <message>{"type":"deployment","sha":"f5bff03beebd477e9e3826c2e395fe71c4a0e8d9","repoName":"chongcho/aimediatank-azure","actor":"chongcho","slotName":"production","commitMessage":"Use price_data for dynamic subscription pricing and fix redirect URLs"}</message>
  <progress></progress>
  <status>Success</status>
  <statusText></statusText>
  <lastSuccessEndTime>2025-12-17T01:39:12.8465268Z</lastSuccessEndTime>
  <receivedTime>2025-12-17T01:38:55.2952349Z</receivedTime>
  <startTime>2025-12-17T01:38:56.6864532Z</startTime>
  <endTime>2025-12-17T01:39:12.8465268Z</endTime>
  <complete>True</complete>
  <is_temp>False</is_temp>
  <is_readonly>True</is_readonly>
  <buildSummary />
</deployment>