<step title="BackgroundTrace" date="2025-12-15T19:08:14.219" instance="dcab14" url="/api/zipdeploy" method="POST" >
  <step title="Cleanup Xml Logs" date="2025-12-15T19:08:14.225" /><!-- duration: 5ms -->
  <step title="Creating temporary deployment - FetchDeploymentManager" date="2025-12-15T19:08:14.286" /><!-- duration: 3ms -->
  <step title="Creating temporary deployment" date="2025-12-15T19:08:14.292" /><!-- duration: 35ms -->
  <step title="Performing fetch based deployment" date="2025-12-15T19:08:14.367" >
    <step title="Cleaning up temp folders from previous zip deployments and extracting pushed zip file /tmp/zipdeploy/0a8eb142-3bd0-413c-bab3-4dd0be4462c5.zip (87.44 MB) to /tmp/zipdeploy/extracted" date="2025-12-15T19:08:15.499" >
      <step title="ChmodRecursive Process exited with total time taken in ms: 46" date="2025-12-15T19:08:16.332" /><!-- duration: 3ms -->
    </step><!-- duration: 840ms -->
    <step title="Deployment timer started" date="2025-12-15T19:08:18.348" >
      <step title="DeploymentManager.Deploy(id:53daa039-ddee-4693-99bb-3d1b3766f026)" date="2025-12-15T19:08:18.353" >
        <step title="Collecting changeset information" date="2025-12-15T19:08:18.367" /><!-- duration: 86ms -->
        <step title="Updating submodules" date="2025-12-15T19:08:18.459" /><!-- duration: 1126ms -->
        <step title="Determining deployment builder" date="2025-12-15T19:08:19.826" >
          <step title="Builder is BasicBuilder" date="2025-12-15T19:08:19.833" /><!-- duration: 10ms -->
        </step><!-- duration: 20ms -->
        <step title="PreDeployment: context.CleanOutputPath False" date="2025-12-15T19:08:19.894" >
          <step title="PreDeployment: context.OutputPath /home/site/wwwroot" date="2025-12-15T19:08:20.013" >
            <step title="Building" date="2025-12-15T19:08:20.177" >
              <step title="Executing external process" date="2025-12-15T19:08:20.479" type="process" path="starter.sh" arguments="/opt/Kudu/Scripts/parallel_rsync.sh /tmp/zipdeploy/extracted /home/site/wwwroot 8 /tmp/ False True  " /><!-- duration: 7561ms -->
              <step title="Triggering recycle (preview mode disabled)." date="2025-12-15T19:08:28.259" /><!-- duration: 2ms -->
              <step title="Modified file to trigger a restart of the app container." date="2025-12-15T19:08:28.304" /><!-- duration: 3ms -->
              <step title="Skip function trigger and logicapp sync because function is not enabled." date="2025-12-15T19:08:28.311" /><!-- duration: 4ms -->
              <step title="Purge deployment items" date="2025-12-15T19:08:28.983" >
                <step title="Remove 8d89d82d-, Failed, received at 12/15/2025 18:59:40" date="2025-12-15T19:08:29.042" /><!-- duration: 5ms -->
              </step><!-- duration: 69ms -->
            </step><!-- duration: 8938ms -->
          </step><!-- duration: 9107ms -->
          <step title="Cleaning up temp files" date="2025-12-15T19:08:29.122" /><!-- duration: 5ms -->
          <step title="Cleaning up temp files" date="2025-12-15T19:08:29.129" /><!-- duration: 504ms -->
          <step title="Reloading status file with latest updates" date="2025-12-15T19:08:29.684" >
            <step title="WebHooksManager.PublishEventAsync: PostDeployment" date="2025-12-15T19:08:29.689" /><!-- duration: 26ms -->
          </step><!-- duration: 33ms -->
          <step title="Cleaning up temporary deployment - fetch deployment was successful" date="2025-12-15T19:08:29.723" /><!-- duration: 3ms -->
        </step><!-- duration: 9900ms -->
      </step><!-- duration: 11464ms -->
