<step title="Incoming Request" date="2025-12-15T22:20:18.444" instance="dcab14" url="/api/zipdeploy?isAsync=true&amp;deployer=GITHUB_ZIP_DEPLOY&amp;message=%7B%22type%22%3A%22deployment%22%2C%22sha%22%3A%22af59633104d13317ab729bc397087dab12431151%22%2C%22repoName%22%3A%22chongcho%2Faimediatank-azure%22%2C%22actor%22%3A%22chongcho%22%2C%22slotName%22%3A%22production%22%2C%22commitMessage%22%3A%22Fix%3A%20use%20shared%20lib%20module%20for%20verification%20codes%22%7D" method="POST" type="request" pid="833,1,48" Host="aimediatank-azure.scm.azurewebsites.net" User-Agent="GITHUBACTIONS_DeployWebAppToAzure_d1b8f4feedacd7ce0abd0c7ccc364eba2b4832a1f79de51adaff15331b99d3be" Authorization="Bas..." Content-Type="application/octet-stream" Cookie="ARRAffinity=dcab14bc307e8b893ae539209e80d9347a445e97a63340276c4a56c9e08559da;Path=/;HttpOnly;Secure;Domain=aimediatank-azure.scm.azurewebsites.net; ARRAffinitySameSite=dcab14bc307e8b893ae539209e80d9347a445e97a63340276c4a56c9e08559da;Path=/;HttpOnly;SameSite=None;Secure;Domain=aimediatank-azure.scm.azurewebsites.net" Transfer-Encoding="chunked" X-ARR-LOG-ID="a1a76c5c-d4ed-48be-96b2-9e08d4aa6922" CLIENT-IP="132.196.32.58:25601" X-SITE-DEPLOYMENT-ID="aimediatank-azure" WAS-DEFAULT-HOSTNAME="aimediatank-azure.scm.azurewebsites.net" X-Forwarded-Proto="https" X-AppService-Proto="https" X-Forwarded-TlsVersion="1.3" X-WAWS-Unencoded-URL="/api/zipdeploy?isAsync=true&amp;deployer=GITHUB_ZIP_DEPLOY&amp;message=%7B%22type%22%3A%22deployment%22%2C%22sha%22%3A%22af59633104d13317ab729bc397087dab12431151%22%2C%22repoName%22%3A%22chongcho%2Faimediatank-azure%22%2C%22actor%22%3A%22chongcho%22%2C%22slotName%22%3A%22production%22%2C%22commitMessage%22%3A%22Fix%3A%20use%20shared%20lib%20module%20for%20verification%20codes%22%7D" X-Client-IP="132.196.32.58" X-Client-Port="25601" >
  <step title="Cleanup Xml Logs" date="2025-12-15T22:20:18.447" /><!-- duration: 7ms -->
  <step title="ZipPushDeploy" date="2025-12-15T22:20:18.465" >
    <step title="ZipDeploy. Extract zip." date="2025-12-15T22:20:18.471" /><!-- duration: 3ms -->
    <step title="Starting PushDeployAsync" date="2025-12-15T22:20:18.480" /><!-- duration: 3ms -->
    <step title="Removing node_modules symlink" date="2025-12-15T22:20:18.498" >
      <step title="Writing artifact to /tmp/zipdeploy/3d53d689-d3e5-482e-bf46-615cb2b24621.zip" date="2025-12-15T22:20:18.524" >
        <step title="Writing multipart request body to /tmp/zipdeploy/3d53d689-d3e5-482e-bf46-615cb2b24621.zip" date="2025-12-15T22:20:18.530" /><!-- duration: 3ms -->
      </step><!-- duration: 2628ms -->
      <step title="Removing previous build artifact&apos;s manifest file" date="2025-12-15T22:20:21.160" >
        <step title="Start deployment in the background" date="2025-12-15T22:20:21.171" >
          <step title="Acquiring Deployment Lock" date="2025-12-15T22:20:21.188" /><!-- duration: 3ms -->
          <step title="Acquired Deployment Lock" date="2025-12-15T22:20:21.227" /><!-- duration: 4ms -->
        </step><!-- duration: 112ms -->
      </step><!-- duration: 245ms -->
      <step title="Outgoing response" date="2025-12-15T22:20:21.415" type="response" statusCode="202" statusText="Accepted" /><!-- duration: 5ms -->
    </step><!-- duration: 2935ms -->
