<step title="Incoming Request" date="2025-12-15T19:07:33.199" instance="dcab14" url="/api/zipdeploy?isAsync=true" method="POST" type="request" pid="831,1,14" Accept="*/*" Host="aimediatank-azure.scm.azurewebsites.net" User-Agent="AZURECLI/2.80.0 (MSI)" Accept-Encoding="gzip, deflate" Authorization="Bas..." Cache-Control="no-cache" Content-Type="application/octet-stream" Content-Length="91692525" x-ms-client-request-id="3a2a243a-d9e9-11f0-b412-f077c3517871" x-ms-artifact-checksum="c1679be90a9cbfd9480537c6df74ddf875bc332bd6101e6d1cd805e854d0fd9a" X-ARR-LOG-ID="3a2a243a-d9e9-11f0-b412-f077c3517871" CLIENT-IP="67.183.177.12:56270" X-SITE-DEPLOYMENT-ID="aimediatank-azure" WAS-DEFAULT-HOSTNAME="aimediatank-azure.scm.azurewebsites.net" X-Forwarded-Proto="https" X-AppService-Proto="https" X-Forwarded-TlsVersion="1.3" X-WAWS-Unencoded-URL="/api/zipdeploy?isAsync=true" X-Client-IP="67.183.177.12" X-Client-Port="56270" >
  <step title="Cleanup Xml Logs" date="2025-12-15T19:07:33.201" /><!-- duration: 10ms -->
  <step title="ZipPushDeploy" date="2025-12-15T19:07:33.238" >
    <step title="ZipDeploy. Extract zip." date="2025-12-15T19:07:33.243" /><!-- duration: 3ms -->
    <step title="Starting PushDeployAsync" date="2025-12-15T19:07:33.249" /><!-- duration: 3ms -->
    <step title="Writing artifact to /tmp/zipdeploy/0a8eb142-3bd0-413c-bab3-4dd0be4462c5.zip" date="2025-12-15T19:07:33.259" >
      <step title="Writing multipart request body to /tmp/zipdeploy/0a8eb142-3bd0-413c-bab3-4dd0be4462c5.zip" date="2025-12-15T19:07:33.261" /><!-- duration: 7ms -->
    </step><!-- duration: 40943ms -->
    <step title="Start deployment in the background" date="2025-12-15T19:08:14.213" >
      <step title="Acquiring Deployment Lock" date="2025-12-15T19:08:14.238" /><!-- duration: 4ms -->
      <step title="Acquired Deployment Lock" date="2025-12-15T19:08:14.269" /><!-- duration: 8ms -->
    </step><!-- duration: 119ms -->
  </step><!-- duration: 41110ms -->
  <step title="Outgoing response" date="2025-12-15T19:08:14.352" type="response" statusCode="202" statusText="Accepted" /><!-- duration: 3ms -->
</step><!-- duration: 41158ms -->
