<step title="Incoming Request" date="2025-12-15T22:10:09.633" instance="dcab14" url="/api/zipdeploy?isAsync=true&amp;deployer=GITHUB_ZIP_DEPLOY&amp;message=%7B%22type%22%3A%22deployment%22%2C%22sha%22%3A%22316005390cf5b31b4aa337c5f38b306b51b47d5d%22%2C%22repoName%22%3A%22chongcho%2Faimediatank-azure%22%2C%22actor%22%3A%22chongcho%22%2C%22slotName%22%3A%22production%22%2C%22commitMessage%22%3A%22Fix%3A%20use%20shared%20module%20for%20verification%20codes%22%7D" method="POST" type="request" pid="833,1,35" Host="aimediatank-azure.scm.azurewebsites.net" User-Agent="GITHUBACTIONS_DeployWebAppToAzure_d1b8f4feedacd7ce0abd0c7ccc364eba2b4832a1f79de51adaff15331b99d3be" Authorization="Bas..." Content-Type="application/octet-stream" Cookie="ARRAffinity=dcab14bc307e8b893ae539209e80d9347a445e97a63340276c4a56c9e08559da;Path=/;HttpOnly;Secure;Domain=aimediatank-azure.scm.azurewebsites.net; ARRAffinitySameSite=dcab14bc307e8b893ae539209e80d9347a445e97a63340276c4a56c9e08559da;Path=/;HttpOnly;SameSite=None;Secure;Domain=aimediatank-azure.scm.azurewebsites.net" Transfer-Encoding="chunked" X-ARR-LOG-ID="59949ae0-c25c-46a9-9a96-00b2d14daf51" CLIENT-IP="172.184.220.152:57345" X-SITE-DEPLOYMENT-ID="aimediatank-azure" WAS-DEFAULT-HOSTNAME="aimediatank-azure.scm.azurewebsites.net" X-Forwarded-Proto="https" X-AppService-Proto="https" X-Forwarded-TlsVersion="1.3" X-WAWS-Unencoded-URL="/api/zipdeploy?isAsync=true&amp;deployer=GITHUB_ZIP_DEPLOY&amp;message=%7B%22type%22%3A%22deployment%22%2C%22sha%22%3A%22316005390cf5b31b4aa337c5f38b306b51b47d5d%22%2C%22repoName%22%3A%22chongcho%2Faimediatank-azure%22%2C%22actor%22%3A%22chongcho%22%2C%22slotName%22%3A%22production%22%2C%22commitMessage%22%3A%22Fix%3A%20use%20shared%20module%20for%20verification%20codes%22%7D" X-Client-IP="172.184.220.152" X-Client-Port="57345" >
  <step title="Cleanup Xml Logs" date="2025-12-15T22:10:09.635" /><!-- duration: 7ms -->
  <step title="ZipPushDeploy" date="2025-12-15T22:10:09.667" >
    <step title="ZipDeploy. Extract zip." date="2025-12-15T22:10:09.673" /><!-- duration: 6ms -->
    <step title="Starting PushDeployAsync" date="2025-12-15T22:10:09.688" /><!-- duration: 9ms -->
    <step title="Removing node_modules symlink" date="2025-12-15T22:10:09.708" >
      <step title="Writing artifact to /tmp/zipdeploy/d69988ac-d101-4103-b557-f126873a9df3.zip" date="2025-12-15T22:10:09.771" >
        <step title="Writing multipart request body to /tmp/zipdeploy/d69988ac-d101-4103-b557-f126873a9df3.zip" date="2025-12-15T22:10:09.780" /><!-- duration: 17ms -->
      </step><!-- duration: 2950ms -->
      <step title="Removing previous build artifact&apos;s manifest file" date="2025-12-15T22:10:12.728" >
        <step title="Start deployment in the background" date="2025-12-15T22:10:12.738" >
          <step title="Acquiring Deployment Lock" date="2025-12-15T22:10:12.761" /><!-- duration: 3ms -->
          <step title="Acquired Deployment Lock" date="2025-12-15T22:10:12.789" /><!-- duration: 9ms -->
        </step><!-- duration: 167ms -->
      </step><!-- duration: 206ms -->
      <step title="Outgoing response" date="2025-12-15T22:10:12.943" type="response" statusCode="202" statusText="Accepted" /><!-- duration: 10ms -->
    </step><!-- duration: 3248ms -->
