<step title="Incoming Request" date="2025-12-15T22:27:23.206" instance="dcab14" url="/api/zipdeploy?isAsync=true&amp;deployer=GITHUB_ZIP_DEPLOY&amp;message=%7B%22type%22%3A%22deployment%22%2C%22sha%22%3A%226cb8435ab00d8e56169d93a60bc2b9e9d0ab86d5%22%2C%22repoName%22%3A%22chongcho%2Faimediatank-azure%22%2C%22actor%22%3A%22chongcho%22%2C%22slotName%22%3A%22production%22%2C%22commitMessage%22%3A%22Force%20redeployment%20with%20email%20verification%20button%22%7D" method="POST" type="request" pid="832,1,21" Host="aimediatank-azure.scm.azurewebsites.net" User-Agent="GITHUBACTIONS_DeployWebAppToAzure_d1b8f4feedacd7ce0abd0c7ccc364eba2b4832a1f79de51adaff15331b99d3be" Authorization="Bas..." Content-Type="application/octet-stream" Cookie="ARRAffinity=dcab14bc307e8b893ae539209e80d9347a445e97a63340276c4a56c9e08559da;Path=/;HttpOnly;Secure;Domain=aimediatank-azure.scm.azurewebsites.net; ARRAffinitySameSite=dcab14bc307e8b893ae539209e80d9347a445e97a63340276c4a56c9e08559da;Path=/;HttpOnly;SameSite=None;Secure;Domain=aimediatank-azure.scm.azurewebsites.net" Transfer-Encoding="chunked" X-ARR-LOG-ID="f697cfc0-cad3-4f55-879c-2a52febefe9e" CLIENT-IP="64.236.134.228:14393" X-SITE-DEPLOYMENT-ID="aimediatank-azure" WAS-DEFAULT-HOSTNAME="aimediatank-azure.scm.azurewebsites.net" X-Forwarded-Proto="https" X-AppService-Proto="https" X-Forwarded-TlsVersion="1.3" X-WAWS-Unencoded-URL="/api/zipdeploy?isAsync=true&amp;deployer=GITHUB_ZIP_DEPLOY&amp;message=%7B%22type%22%3A%22deployment%22%2C%22sha%22%3A%226cb8435ab00d8e56169d93a60bc2b9e9d0ab86d5%22%2C%22repoName%22%3A%22chongcho%2Faimediatank-azure%22%2C%22actor%22%3A%22chongcho%22%2C%22slotName%22%3A%22production%22%2C%22commitMessage%22%3A%22Force%20redeployment%20with%20email%20verification%20button%22%7D" X-Client-IP="64.236.134.228" X-Client-Port="14393" >
  <step title="Cleanup Xml Logs" date="2025-12-15T22:27:23.209" /><!-- duration: 7ms -->
  <step title="ZipPushDeploy" date="2025-12-15T22:27:23.269" >
    <step title="ZipDeploy. Extract zip." date="2025-12-15T22:27:23.287" /><!-- duration: 4ms -->
    <step title="None repository commit" date="2025-12-15T22:27:23.299" >
      <step title="Commit id: 5f0f4d00-ec4f-46b9-a877-c2b8154fb6c5" date="2025-12-15T22:27:23.303" Message="N/A" AuthorName="N/A" AuthorEmail="N/A" /><!-- duration: 5ms -->
    </step><!-- duration: 11ms -->
    <step title="Starting PushDeployAsync" date="2025-12-15T22:27:23.313" /><!-- duration: 3ms -->
    <step title="Removing node_modules symlink" date="2025-12-15T22:27:23.331" >
      <step title="Removing _del_node_modules symlink" date="2025-12-15T22:27:23.414" >
        <step title="Writing artifact to /tmp/zipdeploy/548ac744-9c04-4171-82b8-74e5144f8458.zip" date="2025-12-15T22:27:23.453" >
          <step title="Writing multipart request body to /tmp/zipdeploy/548ac744-9c04-4171-82b8-74e5144f8458.zip" date="2025-12-15T22:27:23.465" /><!-- duration: 9ms -->
        </step><!-- duration: 5525ms -->
        <step title="Removing previous build artifact&apos;s manifest file" date="2025-12-15T22:27:29.019" >
          <step title="Start deployment in the background" date="2025-12-15T22:27:29.055" >
            <step title="Acquiring Deployment Lock" date="2025-12-15T22:27:29.155" /><!-- duration: 19ms -->
            <step title="Acquired Deployment Lock" date="2025-12-15T22:27:29.270" /><!-- duration: 9ms -->
          </step><!-- duration: 352ms -->
        </step><!-- duration: 407ms -->
        <step title="Outgoing response" date="2025-12-15T22:27:29.455" type="response" statusCode="202" statusText="Accepted" /><!-- duration: 7ms -->
      </step><!-- duration: 6050ms -->
