<step title="Incoming Request" date="2025-12-15T20:03:19.032" instance="dcab14" url="/api/zipdeploy?isAsync=true&amp;deployer=GITHUB_ZIP_DEPLOY&amp;message=%7B%22type%22%3A%22deployment%22%2C%22sha%22%3A%22db9801796cdc6a7a220fada7f5814b685c373baa%22%2C%22repoName%22%3A%22chongcho%2Faimediatank-azure%22%2C%22actor%22%3A%22chongcho%22%2C%22slotName%22%3A%22production%22%2C%22commitMessage%22%3A%22Add%20real-time%20email%20verification%20on%20registration%22%7D" method="POST" type="request" pid="833,1,26" Host="aimediatank-azure.scm.azurewebsites.net" User-Agent="GITHUBACTIONS_DeployWebAppToAzure_d1b8f4feedacd7ce0abd0c7ccc364eba2b4832a1f79de51adaff15331b99d3be" Authorization="Bas..." Content-Type="application/octet-stream" Cookie="ARRAffinity=dcab14bc307e8b893ae539209e80d9347a445e97a63340276c4a56c9e08559da;Path=/;HttpOnly;Secure;Domain=aimediatank-azure.scm.azurewebsites.net; ARRAffinitySameSite=dcab14bc307e8b893ae539209e80d9347a445e97a63340276c4a56c9e08559da;Path=/;HttpOnly;SameSite=None;Secure;Domain=aimediatank-azure.scm.azurewebsites.net" Transfer-Encoding="chunked" X-ARR-LOG-ID="900bbc3f-06f0-4bb0-a905-0d486d6c3993" CLIENT-IP="52.165.251.164:11265" X-SITE-DEPLOYMENT-ID="aimediatank-azure" WAS-DEFAULT-HOSTNAME="aimediatank-azure.scm.azurewebsites.net" X-Forwarded-Proto="https" X-AppService-Proto="https" X-Forwarded-TlsVersion="1.3" X-WAWS-Unencoded-URL="/api/zipdeploy?isAsync=true&amp;deployer=GITHUB_ZIP_DEPLOY&amp;message=%7B%22type%22%3A%22deployment%22%2C%22sha%22%3A%22db9801796cdc6a7a220fada7f5814b685c373baa%22%2C%22repoName%22%3A%22chongcho%2Faimediatank-azure%22%2C%22actor%22%3A%22chongcho%22%2C%22slotName%22%3A%22production%22%2C%22commitMessage%22%3A%22Add%20real-time%20email%20verification%20on%20registration%22%7D" X-Client-IP="52.165.251.164" X-Client-Port="11265" >
  <step title="Cleanup Xml Logs" date="2025-12-15T20:03:19.035" /><!-- duration: 5ms -->
  <step title="ZipPushDeploy" date="2025-12-15T20:03:19.093" >
    <step title="ZipDeploy. Extract zip." date="2025-12-15T20:03:19.099" /><!-- duration: 5ms -->
    <step title="None repository commit" date="2025-12-15T20:03:19.115" >
      <step title="Commit id: 613372e4-f658-489a-9cdf-a1c63ae6131f" date="2025-12-15T20:03:19.118" Message="N/A" AuthorName="N/A" AuthorEmail="N/A" /><!-- duration: 3ms -->
    </step><!-- duration: 9ms -->
    <step title="Starting PushDeployAsync" date="2025-12-15T20:03:19.128" /><!-- duration: 7ms -->
    <step title="Removing node_modules symlink" date="2025-12-15T20:03:19.167" >
      <step title="Removing _del_node_modules symlink" date="2025-12-15T20:03:19.285" >
        <step title="Writing artifact to /tmp/zipdeploy/b66febe4-fb9a-4bff-a72e-b90cdf158ae9.zip" date="2025-12-15T20:03:19.324" >
          <step title="Writing multipart request body to /tmp/zipdeploy/b66febe4-fb9a-4bff-a72e-b90cdf158ae9.zip" date="2025-12-15T20:03:19.333" /><!-- duration: 12ms -->
        </step><!-- duration: 3637ms -->
        <step title="Removing previous build artifact&apos;s manifest file" date="2025-12-15T20:03:22.971" >
          <step title="Start deployment in the background" date="2025-12-15T20:03:23.067" >
            <step title="Acquiring Deployment Lock" date="2025-12-15T20:03:23.090" /><!-- duration: 8ms -->
            <step title="Acquired Deployment Lock" date="2025-12-15T20:03:23.137" /><!-- duration: 4ms -->
          </step><!-- duration: 156ms -->
        </step><!-- duration: 262ms -->
        <step title="Outgoing response" date="2025-12-15T20:03:23.250" type="response" statusCode="202" statusText="Accepted" /><!-- duration: 3ms -->
      </step><!-- duration: 3971ms -->
