<step title="BackgroundTrace" date="2025-12-15T22:10:12.742" instance="dcab14" url="/api/zipdeploy" method="POST" >
  <step title="Cleanup Xml Logs" date="2025-12-15T22:10:12.744" /><!-- duration: 7ms -->
  <step title="Creating temporary deployment - FetchDeploymentManager" date="2025-12-15T22:10:12.803" /><!-- duration: 3ms -->
  <step title="Creating temporary deployment" date="2025-12-15T22:10:12.809" /><!-- duration: 90ms -->
  <step title="Performing fetch based deployment" date="2025-12-15T22:10:12.965" >
    <step title="Cleaning up temp folders from previous zip deployments and extracting pushed zip file /tmp/zipdeploy/d69988ac-d101-4103-b557-f126873a9df3.zip (158.96 MB) to /tmp/zipdeploy/extracted" date="2025-12-15T22:10:14.166" >
      <step title="ChmodRecursive Process exited with total time taken in ms: 183" date="2025-12-15T22:10:18.569" /><!-- duration: 6ms -->
    </step><!-- duration: 4416ms -->
    <step title="Deployment timer started" date="2025-12-15T22:10:20.597" >
      <step title="DeploymentManager.Deploy(id:d30a4284-7719-430c-a4c0-6719d0cf8208)" date="2025-12-15T22:10:20.602" >
        <step title="Collecting changeset information" date="2025-12-15T22:10:20.613" /><!-- duration: 112ms -->
        <step title="Updating submodules" date="2025-12-15T22:10:20.732" /><!-- duration: 1166ms -->
        <step title="Determining deployment builder" date="2025-12-15T22:10:22.127" >
          <step title="Builder is BasicBuilder" date="2025-12-15T22:10:22.155" /><!-- duration: 3ms -->
        </step><!-- duration: 36ms -->
        <step title="PreDeployment: context.CleanOutputPath False" date="2025-12-15T22:10:22.197" >
          <step title="PreDeployment: context.OutputPath /home/site/wwwroot" date="2025-12-15T22:10:22.341" >
            <step title="Building" date="2025-12-15T22:10:22.468" >
              <step title="Executing external process" date="2025-12-15T22:10:22.975" type="process" path="starter.sh" arguments="/opt/Kudu/Scripts/absoluteTar.sh /tmp/zipdeploy/extracted/node_modules /tmp/zipdeploy/extracted/node_modules.tar.gz" /><!-- duration: 5616ms -->
              <step title="Executing external process" date="2025-12-15T22:10:28.841" type="process" path="starter.sh" arguments="/opt/Kudu/Scripts/parallel_rsync.sh /tmp/zipdeploy/extracted /home/site/wwwroot 8 /tmp/ False True node_modules " /><!-- duration: 38275ms -->
              <step title="Triggering recycle (preview mode disabled)." date="2025-12-15T22:11:07.760" /><!-- duration: 3ms -->
              <step title="Modified file to trigger a restart of the app container." date="2025-12-15T22:11:07.807" /><!-- duration: 4ms -->
              <step title="Skip function trigger and logicapp sync because function is not enabled." date="2025-12-15T22:11:07.816" /><!-- duration: 3ms -->
            </step><!-- duration: 46207ms -->
          </step><!-- duration: 46341ms -->
          <step title="Cleaning up temp files" date="2025-12-15T22:11:08.685" /><!-- duration: 4ms -->
          <step title="Cleaning up temp files" date="2025-12-15T22:11:08.692" /><!-- duration: 506ms -->
          <step title="Reloading status file with latest updates" date="2025-12-15T22:11:09.250" >
            <step title="WebHooksManager.PublishEventAsync: PostDeployment" date="2025-12-15T22:11:09.253" /><!-- duration: 29ms -->
          </step><!-- duration: 35ms -->
          <step title="Cleaning up temporary deployment - fetch deployment was successful" date="2025-12-15T22:11:09.290" /><!-- duration: 3ms -->
        </step><!-- duration: 47177ms -->
      </step><!-- duration: 48789ms -->
