<step title="Incoming Request" date="2025-12-15T22:44:20.899" instance="dcab14" url="/api/zipdeploy?isAsync=true&amp;deployer=GITHUB_ZIP_DEPLOY&amp;message=%7B%22type%22%3A%22deployment%22%2C%22sha%22%3A%22895370966f1b788291e67f05cf482d3620d11bde%22%2C%22repoName%22%3A%22chongcho%2Faimediatank-azure%22%2C%22actor%22%3A%22chongcho%22%2C%22slotName%22%3A%22production%22%2C%22commitMessage%22%3A%22Force%20clean%20build%20for%20email%20verification%20feature%22%7D" method="POST" type="request" pid="832,1,30" Host="aimediatank-azure.scm.azurewebsites.net" User-Agent="GITHUBACTIONS_DeployWebAppToAzure_d1b8f4feedacd7ce0abd0c7ccc364eba2b4832a1f79de51adaff15331b99d3be" Authorization="Bas..." Content-Type="application/octet-stream" Cookie="ARRAffinity=dcab14bc307e8b893ae539209e80d9347a445e97a63340276c4a56c9e08559da;Path=/;HttpOnly;Secure;Domain=aimediatank-azure.scm.azurewebsites.net; ARRAffinitySameSite=dcab14bc307e8b893ae539209e80d9347a445e97a63340276c4a56c9e08559da;Path=/;HttpOnly;SameSite=None;Secure;Domain=aimediatank-azure.scm.azurewebsites.net" Transfer-Encoding="chunked" X-ARR-LOG-ID="9492dd33-3abe-4531-bcd3-1a9b376907ef" CLIENT-IP="135.232.201.80:17409" X-SITE-DEPLOYMENT-ID="aimediatank-azure" WAS-DEFAULT-HOSTNAME="aimediatank-azure.scm.azurewebsites.net" X-Forwarded-Proto="https" X-AppService-Proto="https" X-Forwarded-TlsVersion="1.3" X-WAWS-Unencoded-URL="/api/zipdeploy?isAsync=true&amp;deployer=GITHUB_ZIP_DEPLOY&amp;message=%7B%22type%22%3A%22deployment%22%2C%22sha%22%3A%22895370966f1b788291e67f05cf482d3620d11bde%22%2C%22repoName%22%3A%22chongcho%2Faimediatank-azure%22%2C%22actor%22%3A%22chongcho%22%2C%22slotName%22%3A%22production%22%2C%22commitMessage%22%3A%22Force%20clean%20build%20for%20email%20verification%20feature%22%7D" X-Client-IP="135.232.201.80" X-Client-Port="17409" >
  <step title="Cleanup Xml Logs" date="2025-12-15T22:44:20.902" /><!-- duration: 9ms -->
  <step title="ZipPushDeploy" date="2025-12-15T22:44:20.941" >
    <step title="ZipDeploy. Extract zip." date="2025-12-15T22:44:20.951" /><!-- duration: 4ms -->
    <step title="None repository commit" date="2025-12-15T22:44:20.961" >
      <step title="Commit id: c24313cd-2965-4f49-a8a1-82563d3c1c85" date="2025-12-15T22:44:20.965" Message="N/A" AuthorName="N/A" AuthorEmail="N/A" /><!-- duration: 3ms -->
    </step><!-- duration: 9ms -->
    <step title="Starting PushDeployAsync" date="2025-12-15T22:44:20.973" /><!-- duration: 3ms -->
    <step title="Removing node_modules symlink" date="2025-12-15T22:44:20.996" >
      <step title="Removing _del_node_modules symlink" date="2025-12-15T22:44:21.050" >
        <step title="Writing artifact to /tmp/zipdeploy/c6694dee-57c8-43d3-a090-e547a8bb4fc9.zip" date="2025-12-15T22:44:21.086" >
          <step title="Writing multipart request body to /tmp/zipdeploy/c6694dee-57c8-43d3-a090-e547a8bb4fc9.zip" date="2025-12-15T22:44:21.090" /><!-- duration: 3ms -->
        </step><!-- duration: 4016ms -->
        <step title="Removing previous build artifact&apos;s manifest file" date="2025-12-15T22:44:25.122" >
          <step title="Start deployment in the background" date="2025-12-15T22:44:25.137" >
            <step title="Acquiring Deployment Lock" date="2025-12-15T22:44:25.174" /><!-- duration: 3ms -->
            <step title="Acquired Deployment Lock" date="2025-12-15T22:44:25.221" /><!-- duration: 4ms -->
          </step><!-- duration: 168ms -->
        </step><!-- duration: 193ms -->
        <step title="Outgoing response" date="2025-12-15T22:44:25.327" type="response" statusCode="202" statusText="Accepted" /><!-- duration: 3ms -->
      </step><!-- duration: 4284ms -->
