﻿<?xml version="1.0" encoding="utf-8"?>
<deployment>
  <id>52c13891-fb9d-4a17-893d-a56c9cd40c4f</id>
  <author>N/A</author>
  <deployer>GITHUB_ZIP_DEPLOY</deployer>
  <authorEmail>N/A</authorEmail>
  <message>{"type":"deployment","sha":"31fb77d28a3004e242d546f292d9229a1b031c5f","repoName":"chongcho/aimediatank-azure","actor":"chongcho","slotName":"production","commitMessage":"Update plan conditions with 5 free uploads, add membership email notifications, track upload usage"}</message>
  <progress></progress>
  <status>Success</status>
  <statusText></statusText>
  <lastSuccessEndTime>2025-12-17T00:23:11.3946168Z</lastSuccessEndTime>
  <receivedTime>2025-12-17T00:22:54.4690424Z</receivedTime>
  <startTime>2025-12-17T00:22:55.780724Z</startTime>
  <endTime>2025-12-17T00:23:11.3946168Z</endTime>
  <complete>True</complete>
  <is_temp>False</is_temp>
  <is_readonly>True</is_readonly>
  <buildSummary />
</deployment>