﻿<?xml version="1.0" encoding="utf-8"?>
<deployment>
  <id>60fe7ebd-c9c8-4e33-bb4f-5d51985c305c</id>
  <author>N/A</author>
  <deployer>GITHUB_ZIP_DEPLOY</deployer>
  <authorEmail>N/A</authorEmail>
  <message>{"type":"deployment","sha":"3047ae64e4fb9b776d191a52473faa556e648b41","repoName":"chongcho/aimediatank-azure","actor":"chongcho","slotName":"production","commitMessage":"Add real-time password matching validation on registration and profile edit screens"}</message>
  <progress></progress>
  <status>Success</status>
  <statusText></statusText>
  <lastSuccessEndTime>2025-12-16T15:49:10.6338581Z</lastSuccessEndTime>
  <receivedTime>2025-12-16T15:48:54.0115536Z</receivedTime>
  <startTime>2025-12-16T15:48:55.6200319Z</startTime>
  <endTime>2025-12-16T15:49:10.6338581Z</endTime>
  <complete>True</complete>
  <is_temp>False</is_temp>
  <is_readonly>True</is_readonly>
  <buildSummary />
</deployment>