﻿<?xml version="1.0" encoding="utf-8"?>
<deployment>
  <id>d30a4284-7719-430c-a4c0-6719d0cf8208</id>
  <author>N/A</author>
  <deployer>GITHUB_ZIP_DEPLOY</deployer>
  <authorEmail>N/A</authorEmail>
  <message>{"type":"deployment","sha":"316005390cf5b31b4aa337c5f38b306b51b47d5d","repoName":"chongcho/aimediatank-azure","actor":"chongcho","slotName":"production","commitMessage":"Fix: use shared module for verification codes"}</message>
  <progress></progress>
  <status>Success</status>
  <statusText></statusText>
  <lastSuccessEndTime>2025-12-15T22:11:08.1898238Z</lastSuccessEndTime>
  <receivedTime>2025-12-15T22:10:20.6653893Z</receivedTime>
  <startTime>2025-12-15T22:10:22.0646729Z</startTime>
  <endTime>2025-12-15T22:11:08.1898238Z</endTime>
  <complete>True</complete>
  <is_temp>False</is_temp>
  <is_readonly>True</is_readonly>
  <buildSummary />
</deployment>