﻿<?xml version="1.0" encoding="utf-8"?>
<deployment>
  <id>1bb5d5da-045a-4cb7-8f46-a9a25e135751</id>
  <author>N/A</author>
  <deployer>GITHUB_ZIP_DEPLOY</deployer>
  <authorEmail>N/A</authorEmail>
  <message>{"type":"deployment","sha":"af59633104d13317ab729bc397087dab12431151","repoName":"chongcho/aimediatank-azure","actor":"chongcho","slotName":"production","commitMessage":"Fix: use shared lib module for verification codes"}</message>
  <progress></progress>
  <status>Success</status>
  <statusText></statusText>
  <lastSuccessEndTime>2025-12-15T22:21:14.4827366Z</lastSuccessEndTime>
  <receivedTime>2025-12-15T22:20:29.1886293Z</receivedTime>
  <startTime>2025-12-15T22:20:30.5120305Z</startTime>
  <endTime>2025-12-15T22:21:14.4827366Z</endTime>
  <complete>True</complete>
  <is_temp>False</is_temp>
  <is_readonly>True</is_readonly>
  <buildSummary />
</deployment>