<step title="Incoming Request" date="2025-12-16T23:46:26.151" instance="dcab14" url="/api/zipdeploy?isAsync=true&amp;deployer=GITHUB_ZIP_DEPLOY&amp;message=%7B%22type%22%3A%22deployment%22%2C%22sha%22%3A%220d87cc9b58eba3ef9a6c6a2e38cd35b6587d9eb5%22%2C%22repoName%22%3A%22chongcho%2Faimediatank-azure%22%2C%22actor%22%3A%22chongcho%22%2C%22slotName%22%3A%22production%22%2C%22commitMessage%22%3A%22Add%20Viewer%20Plan%20to%20Membership%20pricing%20page%22%7D" method="POST" type="request" pid="831,1,31" Host="aimediatank-azure.scm.azurewebsites.net" User-Agent="GITHUBACTIONS_DeployWebAppToAzure_d1b8f4feedacd7ce0abd0c7ccc364eba2b4832a1f79de51adaff15331b99d3be" Authorization="Bas..." Content-Type="application/octet-stream" Cookie="ARRAffinity=dcab14bc307e8b893ae539209e80d9347a445e97a63340276c4a56c9e08559da;Path=/;HttpOnly;Secure;Domain=aimediatank-azure.scm.azurewebsites.net; ARRAffinitySameSite=dcab14bc307e8b893ae539209e80d9347a445e97a63340276c4a56c9e08559da;Path=/;HttpOnly;SameSite=None;Secure;Domain=aimediatank-azure.scm.azurewebsites.net" Transfer-Encoding="chunked" X-ARR-LOG-ID="ecc27b2c-0d35-4c23-9f2c-1518705b8cdd" CLIENT-IP="172.182.195.37:36864" X-SITE-DEPLOYMENT-ID="aimediatank-azure" WAS-DEFAULT-HOSTNAME="aimediatank-azure.scm.azurewebsites.net" X-Forwarded-Proto="https" X-AppService-Proto="https" X-Forwarded-TlsVersion="1.3" X-WAWS-Unencoded-URL="/api/zipdeploy?isAsync=true&amp;deployer=GITHUB_ZIP_DEPLOY&amp;message=%7B%22type%22%3A%22deployment%22%2C%22sha%22%3A%220d87cc9b58eba3ef9a6c6a2e38cd35b6587d9eb5%22%2C%22repoName%22%3A%22chongcho%2Faimediatank-azure%22%2C%22actor%22%3A%22chongcho%22%2C%22slotName%22%3A%22production%22%2C%22commitMessage%22%3A%22Add%20Viewer%20Plan%20to%20Membership%20pricing%20page%22%7D" X-Client-IP="172.182.195.37" X-Client-Port="36864" >
  <step title="Cleanup Xml Logs" date="2025-12-16T23:46:26.153" >
    <step title="Cleanup Infos" date="2025-12-16T23:46:26.162" totalFiles="219" totalCleanup="59" /><!-- duration: 4ms -->
  </step><!-- duration: 16ms -->
  <step title="ZipPushDeploy" date="2025-12-16T23:46:26.216" >
    <step title="ZipDeploy. Extract zip." date="2025-12-16T23:46:26.222" /><!-- duration: 3ms -->
    <step title="None repository commit" date="2025-12-16T23:46:26.232" >
      <step title="Commit id: 39342ebd-ad9b-4e1f-b918-2c493bafa049" date="2025-12-16T23:46:26.235" Message="N/A" AuthorName="N/A" AuthorEmail="N/A" /><!-- duration: 3ms -->
    </step><!-- duration: 10ms -->
    <step title="Starting PushDeployAsync" date="2025-12-16T23:46:26.246" /><!-- duration: 3ms -->
    <step title="Removing node_modules symlink" date="2025-12-16T23:46:26.262" >
      <step title="Removing _del_node_modules symlink" date="2025-12-16T23:46:26.383" >
        <step title="Writing artifact to /tmp/zipdeploy/6ebd19ae-7dbf-49eb-99bd-957e34e967e2.zip" date="2025-12-16T23:46:26.478" >
          <step title="Writing multipart request body to /tmp/zipdeploy/6ebd19ae-7dbf-49eb-99bd-957e34e967e2.zip" date="2025-12-16T23:46:26.487" /><!-- duration: 9ms -->
        </step><!-- duration: 3393ms -->
        <step title="Removing previous build artifact&apos;s manifest file" date="2025-12-16T23:46:29.880" >
          <step title="Start deployment in the background" date="2025-12-16T23:46:29.903" >
            <step title="Acquiring Deployment Lock" date="2025-12-16T23:46:29.947" /><!-- duration: 6ms -->
            <step title="Acquired Deployment Lock" date="2025-12-16T23:46:30.015" /><!-- duration: 3ms -->
          </step><!-- duration: 213ms -->
        </step><!-- duration: 248ms -->
        <step title="Outgoing response" date="2025-12-16T23:46:30.150" type="response" statusCode="202" statusText="Accepted" /><!-- duration: 3ms -->
      </step><!-- duration: 3773ms -->
