<step title="Incoming Request" date="2025-12-16T23:54:53.896" instance="dcab14" url="/api/zipdeploy?isAsync=true&amp;deployer=GITHUB_ZIP_DEPLOY&amp;message=%7B%22type%22%3A%22deployment%22%2C%22sha%22%3A%2265f1c62b6632c2ce779ed8847c714e37e5dd75ff%22%2C%22repoName%22%3A%22chongcho%2Faimediatank-azure%22%2C%22actor%22%3A%22chongcho%22%2C%22slotName%22%3A%22production%22%2C%22commitMessage%22%3A%22Upload%20button%20now%20redirects%20to%20Membership%20page%20for%20plan%20selection%22%7D" method="POST" type="request" pid="831,1,21" Host="aimediatank-azure.scm.azurewebsites.net" User-Agent="GITHUBACTIONS_DeployWebAppToAzure_d1b8f4feedacd7ce0abd0c7ccc364eba2b4832a1f79de51adaff15331b99d3be" Authorization="Bas..." Content-Type="application/octet-stream" Cookie="ARRAffinity=dcab14bc307e8b893ae539209e80d9347a445e97a63340276c4a56c9e08559da;Path=/;HttpOnly;Secure;Domain=aimediatank-azure.scm.azurewebsites.net; ARRAffinitySameSite=dcab14bc307e8b893ae539209e80d9347a445e97a63340276c4a56c9e08559da;Path=/;HttpOnly;SameSite=None;Secure;Domain=aimediatank-azure.scm.azurewebsites.net" Transfer-Encoding="chunked" X-ARR-LOG-ID="f5f99624-d46b-4820-b511-9c4f14b1f422" CLIENT-IP="145.132.102.243:38936" X-SITE-DEPLOYMENT-ID="aimediatank-azure" WAS-DEFAULT-HOSTNAME="aimediatank-azure.scm.azurewebsites.net" X-Forwarded-Proto="https" X-AppService-Proto="https" X-Forwarded-TlsVersion="1.3" X-WAWS-Unencoded-URL="/api/zipdeploy?isAsync=true&amp;deployer=GITHUB_ZIP_DEPLOY&amp;message=%7B%22type%22%3A%22deployment%22%2C%22sha%22%3A%2265f1c62b6632c2ce779ed8847c714e37e5dd75ff%22%2C%22repoName%22%3A%22chongcho%2Faimediatank-azure%22%2C%22actor%22%3A%22chongcho%22%2C%22slotName%22%3A%22production%22%2C%22commitMessage%22%3A%22Upload%20button%20now%20redirects%20to%20Membership%20page%20for%20plan%20selection%22%7D" X-Client-IP="145.132.102.243" X-Client-Port="38936" >
  <step title="Cleanup Xml Logs" date="2025-12-16T23:54:53.899" >
    <step title="Cleanup Infos" date="2025-12-16T23:54:53.908" totalFiles="228" totalCleanup="68" /><!-- duration: 8ms -->
  </step><!-- duration: 20ms -->
  <step title="ZipPushDeploy" date="2025-12-16T23:54:53.928" >
    <step title="ZipDeploy. Extract zip." date="2025-12-16T23:54:53.933" /><!-- duration: 3ms -->
    <step title="Starting PushDeployAsync" date="2025-12-16T23:54:53.940" /><!-- duration: 3ms -->
    <step title="Removing node_modules symlink" date="2025-12-16T23:54:53.950" >
      <step title="Writing artifact to /tmp/zipdeploy/aa97b395-4601-4ec5-91dc-cd22ae77e2db.zip" date="2025-12-16T23:54:53.988" >
        <step title="Writing multipart request body to /tmp/zipdeploy/aa97b395-4601-4ec5-91dc-cd22ae77e2db.zip" date="2025-12-16T23:54:53.992" /><!-- duration: 2ms -->
      </step><!-- duration: 2366ms -->
      <step title="Removing previous build artifact&apos;s manifest file" date="2025-12-16T23:54:56.367" >
        <step title="Start deployment in the background" date="2025-12-16T23:54:56.403" >
          <step title="Acquiring Deployment Lock" date="2025-12-16T23:54:56.413" /><!-- duration: 3ms -->
          <step title="Acquired Deployment Lock" date="2025-12-16T23:54:56.454" /><!-- duration: 3ms -->
        </step><!-- duration: 119ms -->
      </step><!-- duration: 174ms -->
      <step title="Outgoing response" date="2025-12-16T23:54:56.599" type="response" statusCode="202" statusText="Accepted" /><!-- duration: 3ms -->
    </step><!-- duration: 2655ms -->
