<step title="Incoming Request" date="2025-12-16T15:30:23.210" instance="dcab14" url="/api/deployments/latest?deployer=GITHUB_ZIP_DEPLOY&amp;time=2025-12-16_15-30-11Z" method="GET" type="request" pid="833,1,44" Host="aimediatank-azure.scm.azurewebsites.net" User-Agent="GITHUBACTIONS_DeployWebAppToAzure_d1b8f4feedacd7ce0abd0c7ccc364eba2b4832a1f79de51adaff15331b99d3be" Authorization="Bas..." Content-Type="application/json; charset=utf-8" Cookie="ARRAffinity=dcab14bc307e8b893ae539209e80d9347a445e97a63340276c4a56c9e08559da;Path=/;HttpOnly;Secure;Domain=aimediatank-azure.scm.azurewebsites.net; ARRAffinitySameSite=dcab14bc307e8b893ae539209e80d9347a445e97a63340276c4a56c9e08559da;Path=/;HttpOnly;SameSite=None;Secure;Domain=aimediatank-azure.scm.azurewebsites.net" Content-Length="0" X-ARR-LOG-ID="7f44bbe0-46d8-4ef4-a466-ce5182052dd0" CLIENT-IP="20.98.18.72:26664" X-SITE-DEPLOYMENT-ID="aimediatank-azure" WAS-DEFAULT-HOSTNAME="aimediatank-azure.scm.azurewebsites.net" X-Forwarded-Proto="https" X-AppService-Proto="https" X-Forwarded-TlsVersion="1.3" X-WAWS-Unencoded-URL="/api/deployments/latest?deployer=GITHUB_ZIP_DEPLOY&amp;time=2025-12-16_15-30-11Z" X-Client-IP="20.98.18.72" X-Client-Port="26664" >
  <step title="Cleanup Xml Logs" date="2025-12-16T15:30:23.212" >
    <step title="Cleanup Infos" date="2025-12-16T15:30:23.219" totalFiles="204" totalCleanup="44" /><!-- duration: 4ms -->
  </step><!-- duration: 15ms -->
  <step title="DeploymentService.GetResult" date="2025-12-16T15:30:23.235" >
    <step title="DeploymentService.GetLatestDeployment" date="2025-12-16T15:30:23.244" >
      <step title="DeploymentManager.GetResults" date="2025-12-16T15:30:23.248" /><!-- duration: 710ms -->
    </step><!-- duration: 717ms -->
  </step><!-- duration: 729ms -->
  <step title="Outgoing response" date="2025-12-16T15:30:23.967" type="response" statusCode="202" statusText="Accepted" /><!-- duration: 8ms -->
</step><!-- duration: 768ms -->
