<step title="Incoming Request" date="2025-12-16T23:55:15.331" instance="dcab14" url="/api/deployments/latest?deployer=GITHUB_ZIP_DEPLOY&amp;time=2025-12-16_23-54-56Z" method="GET" type="request" pid="831,1,23" Host="aimediatank-azure.scm.azurewebsites.net" User-Agent="GITHUBACTIONS_DeployWebAppToAzure_d1b8f4feedacd7ce0abd0c7ccc364eba2b4832a1f79de51adaff15331b99d3be" Authorization="Bas..." Content-Type="application/json; charset=utf-8" Cookie="ARRAffinity=dcab14bc307e8b893ae539209e80d9347a445e97a63340276c4a56c9e08559da;Path=/;HttpOnly;Secure;Domain=aimediatank-azure.scm.azurewebsites.net; ARRAffinitySameSite=dcab14bc307e8b893ae539209e80d9347a445e97a63340276c4a56c9e08559da;Path=/;HttpOnly;SameSite=None;Secure;Domain=aimediatank-azure.scm.azurewebsites.net" Content-Length="0" X-ARR-LOG-ID="54e826e8-5274-4b16-af59-3b0971b82c58" CLIENT-IP="145.132.102.243:38937" X-SITE-DEPLOYMENT-ID="aimediatank-azure" WAS-DEFAULT-HOSTNAME="aimediatank-azure.scm.azurewebsites.net" X-Forwarded-Proto="https" X-AppService-Proto="https" X-Forwarded-TlsVersion="1.3" X-WAWS-Unencoded-URL="/api/deployments/latest?deployer=GITHUB_ZIP_DEPLOY&amp;time=2025-12-16_23-54-56Z" X-Client-IP="145.132.102.243" X-Client-Port="38937" >
  <step title="Cleanup Xml Logs" date="2025-12-16T23:55:15.334" >
    <step title="Cleanup Infos" date="2025-12-16T23:55:15.371" totalFiles="233" totalCleanup="73" /><!-- duration: 6ms -->
  </step><!-- duration: 49ms -->
  <step title="DeploymentService.GetResult" date="2025-12-16T23:55:15.394" >
    <step title="DeploymentService.GetLatestDeployment" date="2025-12-16T23:55:15.404" >
      <step title="DeploymentManager.GetResults" date="2025-12-16T23:55:15.409" /><!-- duration: 1178ms -->
    </step><!-- duration: 1200ms -->
  </step><!-- duration: 1345ms -->
  <step title="Outgoing response" date="2025-12-16T23:55:16.749" type="response" statusCode="202" statusText="Accepted" /><!-- duration: 5ms -->
</step><!-- duration: 1428ms -->
