<step title="Incoming Request" date="2025-12-15T23:21:40.811" instance="dcab14" url="/api/zipdeploy?isAsync=true&amp;deployer=GITHUB_ZIP_DEPLOY&amp;message=%7B%22type%22%3A%22deployment%22%2C%22sha%22%3A%229fde01a67bd6c8a118414b2d5eef1fc8251b36de%22%2C%22repoName%22%3A%22chongcho%2Faimediatank-azure%22%2C%22actor%22%3A%22chongcho%22%2C%22slotName%22%3A%22production%22%2C%22commitMessage%22%3A%22Move%20email%20verification%20from%20banner%20to%20inline%20field%20in%20Edit%20Profile%22%7D" method="POST" type="request" pid="830,1,29" Host="aimediatank-azure.scm.azurewebsites.net" User-Agent="GITHUBACTIONS_DeployWebAppToAzure_d1b8f4feedacd7ce0abd0c7ccc364eba2b4832a1f79de51adaff15331b99d3be" Authorization="Bas..." Content-Type="application/octet-stream" Cookie="ARRAffinity=dcab14bc307e8b893ae539209e80d9347a445e97a63340276c4a56c9e08559da;Path=/;HttpOnly;Secure;Domain=aimediatank-azure.scm.azurewebsites.net; ARRAffinitySameSite=dcab14bc307e8b893ae539209e80d9347a445e97a63340276c4a56c9e08559da;Path=/;HttpOnly;SameSite=None;Secure;Domain=aimediatank-azure.scm.azurewebsites.net" Transfer-Encoding="chunked" X-ARR-LOG-ID="5afa4c89-337b-4d0e-a66a-3b860ff7c1f5" CLIENT-IP="64.236.201.32:33728" X-SITE-DEPLOYMENT-ID="aimediatank-azure" WAS-DEFAULT-HOSTNAME="aimediatank-azure.scm.azurewebsites.net" X-Forwarded-Proto="https" X-AppService-Proto="https" X-Forwarded-TlsVersion="1.3" X-WAWS-Unencoded-URL="/api/zipdeploy?isAsync=true&amp;deployer=GITHUB_ZIP_DEPLOY&amp;message=%7B%22type%22%3A%22deployment%22%2C%22sha%22%3A%229fde01a67bd6c8a118414b2d5eef1fc8251b36de%22%2C%22repoName%22%3A%22chongcho%2Faimediatank-azure%22%2C%22actor%22%3A%22chongcho%22%2C%22slotName%22%3A%22production%22%2C%22commitMessage%22%3A%22Move%20email%20verification%20from%20banner%20to%20inline%20field%20in%20Edit%20Profile%22%7D" X-Client-IP="64.236.201.32" X-Client-Port="33728" >
  <step title="Cleanup Xml Logs" date="2025-12-15T23:21:40.814" /><!-- duration: 8ms -->
  <step title="ZipPushDeploy" date="2025-12-15T23:21:40.862" >
    <step title="ZipDeploy. Extract zip." date="2025-12-15T23:21:40.870" /><!-- duration: 3ms -->
    <step title="None repository commit" date="2025-12-15T23:21:40.879" >
      <step title="Commit id: a460d7f8-0be2-46e6-a585-87183307ad58" date="2025-12-15T23:21:40.883" Message="N/A" AuthorName="N/A" AuthorEmail="N/A" /><!-- duration: 3ms -->
    </step><!-- duration: 10ms -->
    <step title="Starting PushDeployAsync" date="2025-12-15T23:21:40.894" /><!-- duration: 3ms -->
    <step title="Removing node_modules symlink" date="2025-12-15T23:21:40.915" >
      <step title="Removing _del_node_modules symlink" date="2025-12-15T23:21:40.954" >
        <step title="Writing artifact to /tmp/zipdeploy/ddee60b6-593b-4ce0-9be5-02785757e94a.zip" date="2025-12-15T23:21:40.985" >
          <step title="Writing multipart request body to /tmp/zipdeploy/ddee60b6-593b-4ce0-9be5-02785757e94a.zip" date="2025-12-15T23:21:40.990" /><!-- duration: 8ms -->
        </step><!-- duration: 2644ms -->
        <step title="Removing previous build artifact&apos;s manifest file" date="2025-12-15T23:21:43.645" >
          <step title="Start deployment in the background" date="2025-12-15T23:21:43.668" >
            <step title="Acquiring Deployment Lock" date="2025-12-15T23:21:43.687" /><!-- duration: 6ms -->
            <step title="Acquired Deployment Lock" date="2025-12-15T23:21:43.752" /><!-- duration: 3ms -->
          </step><!-- duration: 178ms -->
        </step><!-- duration: 215ms -->
        <step title="Outgoing response" date="2025-12-15T23:21:43.874" type="response" statusCode="202" statusText="Accepted" /><!-- duration: 7ms -->
      </step><!-- duration: 2930ms -->
