<step title="BackgroundTrace" date="2025-12-15T23:06:41.193" instance="dcab14" url="/api/zipdeploy" method="POST" >
  <step title="Creating temporary deployment - FetchDeploymentManager" date="2025-12-15T23:06:41.248" /><!-- duration: 2ms -->
  <step title="Creating temporary deployment" date="2025-12-15T23:06:41.255" /><!-- duration: 173ms -->
  <step title="Performing fetch based deployment" date="2025-12-15T23:06:41.704" >
    <step title="Cleaning up temp folders from previous zip deployments and extracting pushed zip file /tmp/zipdeploy/10196721-a45a-46eb-934c-501877d93e2d.zip (100.86 MB) to /tmp/zipdeploy/extracted" date="2025-12-15T23:06:42.879" >
      <step title="ChmodRecursive Process exited with total time taken in ms: 96" date="2025-12-15T23:06:45.116" /><!-- duration: 7ms -->
    </step><!-- duration: 2249ms -->
    <step title="Deployment timer started" date="2025-12-15T23:06:47.136" >
      <step title="DeploymentManager.Deploy(id:746203e7-e7c5-449b-8262-11a3e46af2f3)" date="2025-12-15T23:06:47.142" >
        <step title="Collecting changeset information" date="2025-12-15T23:06:47.163" /><!-- duration: 95ms -->
        <step title="Updating submodules" date="2025-12-15T23:06:47.267" /><!-- duration: 1119ms -->
        <step title="Determining deployment builder" date="2025-12-15T23:06:48.918" >
          <step title="Builder is BasicBuilder" date="2025-12-15T23:06:48.927" /><!-- duration: 3ms -->
        </step><!-- duration: 18ms -->
        <step title="PreDeployment: context.CleanOutputPath False" date="2025-12-15T23:06:48.987" >
          <step title="PreDeployment: context.OutputPath /home/site/wwwroot" date="2025-12-15T23:06:49.109" >
            <step title="Building" date="2025-12-15T23:06:49.314" >
              <step title="Executing external process" date="2025-12-15T23:06:49.878" type="process" path="starter.sh" arguments="/opt/Kudu/Scripts/absoluteTar.sh /tmp/zipdeploy/extracted/node_modules /tmp/zipdeploy/extracted/node_modules.tar.gz" /><!-- duration: 5324ms -->
              <step title="Executing external process" date="2025-12-15T23:06:55.473" type="process" path="starter.sh" arguments="/opt/Kudu/Scripts/parallel_rsync.sh /tmp/zipdeploy/extracted /home/site/wwwroot 8 /tmp/ False True node_modules " /><!-- duration: 16510ms -->
              <step title="Triggering recycle (preview mode disabled)." date="2025-12-15T23:07:12.848" /><!-- duration: 9ms -->
              <step title="Modified file to trigger a restart of the app container." date="2025-12-15T23:07:12.886" /><!-- duration: 3ms -->
              <step title="Skip function trigger and logicapp sync because function is not enabled." date="2025-12-15T23:07:12.920" /><!-- duration: 9ms -->
            </step><!-- duration: 25096ms -->
          </step><!-- duration: 25308ms -->
          <step title="Cleaning up temp files" date="2025-12-15T23:07:14.421" /><!-- duration: 16ms -->
          <step title="Cleaning up temp files" date="2025-12-15T23:07:14.441" /><!-- duration: 506ms -->
          <step title="Reloading status file with latest updates" date="2025-12-15T23:07:15.339" >
            <step title="WebHooksManager.PublishEventAsync: PostDeployment" date="2025-12-15T23:07:15.350" /><!-- duration: 74ms -->
          </step><!-- duration: 96ms -->
          <step title="Cleaning up temporary deployment - fetch deployment was successful" date="2025-12-15T23:07:15.440" /><!-- duration: 4ms -->
        </step><!-- duration: 26522ms -->
      </step><!-- duration: 28380ms -->
