<step title="Incoming Request" date="2025-12-16T15:30:09.147" instance="dcab14" url="/api/zipdeploy?isAsync=true&amp;deployer=GITHUB_ZIP_DEPLOY&amp;message=%7B%22type%22%3A%22deployment%22%2C%22sha%22%3A%22878456c6c1b87ea360b940704e197bdb9df03774%22%2C%22repoName%22%3A%22chongcho%2Faimediatank-azure%22%2C%22actor%22%3A%22chongcho%22%2C%22slotName%22%3A%22production%22%2C%22commitMessage%22%3A%22Update%20navbar%20to%20show%20User%20ID%3B%20Move%20Bio%20field%20next%20to%20avatar%20replacing%20Nickname%22%7D" method="POST" type="request" pid="833,1,46" Host="aimediatank-azure.scm.azurewebsites.net" User-Agent="GITHUBACTIONS_DeployWebAppToAzure_d1b8f4feedacd7ce0abd0c7ccc364eba2b4832a1f79de51adaff15331b99d3be" Authorization="Bas..." Content-Type="application/octet-stream" Cookie="ARRAffinity=dcab14bc307e8b893ae539209e80d9347a445e97a63340276c4a56c9e08559da;Path=/;HttpOnly;Secure;Domain=aimediatank-azure.scm.azurewebsites.net; ARRAffinitySameSite=dcab14bc307e8b893ae539209e80d9347a445e97a63340276c4a56c9e08559da;Path=/;HttpOnly;SameSite=None;Secure;Domain=aimediatank-azure.scm.azurewebsites.net" Transfer-Encoding="chunked" X-ARR-LOG-ID="9c9cd49d-2e8b-4a39-94b9-b811abb5d51e" CLIENT-IP="20.98.18.72:26664" X-SITE-DEPLOYMENT-ID="aimediatank-azure" WAS-DEFAULT-HOSTNAME="aimediatank-azure.scm.azurewebsites.net" X-Forwarded-Proto="https" X-AppService-Proto="https" X-Forwarded-TlsVersion="1.3" X-WAWS-Unencoded-URL="/api/zipdeploy?isAsync=true&amp;deployer=GITHUB_ZIP_DEPLOY&amp;message=%7B%22type%22%3A%22deployment%22%2C%22sha%22%3A%22878456c6c1b87ea360b940704e197bdb9df03774%22%2C%22repoName%22%3A%22chongcho%2Faimediatank-azure%22%2C%22actor%22%3A%22chongcho%22%2C%22slotName%22%3A%22production%22%2C%22commitMessage%22%3A%22Update%20navbar%20to%20show%20User%20ID%3B%20Move%20Bio%20field%20next%20to%20avatar%20replacing%20Nickname%22%7D" X-Client-IP="20.98.18.72" X-Client-Port="26664" >
  <step title="Cleanup Xml Logs" date="2025-12-16T15:30:09.149" >
    <step title="Cleanup Infos" date="2025-12-16T15:30:09.156" totalFiles="200" totalCleanup="40" /><!-- duration: 29ms -->
  </step><!-- duration: 39ms -->
  <step title="ZipPushDeploy" date="2025-12-16T15:30:09.197" >
    <step title="ZipDeploy. Extract zip." date="2025-12-16T15:30:09.202" /><!-- duration: 3ms -->
    <step title="Starting PushDeployAsync" date="2025-12-16T15:30:09.215" /><!-- duration: 2ms -->
    <step title="Removing node_modules symlink" date="2025-12-16T15:30:09.225" >
      <step title="Writing artifact to /tmp/zipdeploy/033a1c9b-5533-46b2-b72a-b07b7de7cd0f.zip" date="2025-12-16T15:30:09.259" >
        <step title="Writing multipart request body to /tmp/zipdeploy/033a1c9b-5533-46b2-b72a-b07b7de7cd0f.zip" date="2025-12-16T15:30:09.264" /><!-- duration: 7ms -->
      </step><!-- duration: 1830ms -->
      <step title="Removing previous build artifact&apos;s manifest file" date="2025-12-16T15:30:11.096" >
        <step title="Start deployment in the background" date="2025-12-16T15:30:11.104" >
          <step title="Acquiring Deployment Lock" date="2025-12-16T15:30:11.122" /><!-- duration: 3ms -->
          <step title="Acquired Deployment Lock" date="2025-12-16T15:30:11.156" /><!-- duration: 2ms -->
        </step><!-- duration: 110ms -->
      </step><!-- duration: 120ms -->
      <step title="Outgoing response" date="2025-12-16T15:30:11.221" type="response" statusCode="202" statusText="Accepted" /><!-- duration: 4ms -->
    </step><!-- duration: 2002ms -->
