<step title="BackgroundTrace" date="2025-12-15T20:03:23.071" instance="dcab14" url="/api/zipdeploy" method="POST" >
  <step title="Cleanup Xml Logs" date="2025-12-15T20:03:23.074" /><!-- duration: 7ms -->
  <step title="Creating temporary deployment - FetchDeploymentManager" date="2025-12-15T20:03:23.145" /><!-- duration: 3ms -->
  <step title="Creating temporary deployment" date="2025-12-15T20:03:23.151" /><!-- duration: 67ms -->
  <step title="Performing fetch based deployment" date="2025-12-15T20:03:23.269" >
    <step title="Cleaning up temp folders from previous zip deployments and extracting pushed zip file /tmp/zipdeploy/b66febe4-fb9a-4bff-a72e-b90cdf158ae9.zip (158.95 MB) to /tmp/zipdeploy/extracted" date="2025-12-15T20:03:24.415" >
      <step title="ChmodRecursive Process exited with total time taken in ms: 176" date="2025-12-15T20:03:29.477" /><!-- duration: 15ms -->
    </step><!-- duration: 5081ms -->
    <step title="Deployment timer started" date="2025-12-15T20:03:31.512" >
      <step title="DeploymentManager.Deploy(id:613372e4-f658-489a-9cdf-a1c63ae6131f)" date="2025-12-15T20:03:31.515" >
        <step title="Collecting changeset information" date="2025-12-15T20:03:31.527" /><!-- duration: 101ms -->
        <step title="Updating submodules" date="2025-12-15T20:03:31.633" /><!-- duration: 1113ms -->
        <step title="Determining deployment builder" date="2025-12-15T20:03:32.929" >
          <step title="Builder is BasicBuilder" date="2025-12-15T20:03:32.939" /><!-- duration: 13ms -->
        </step><!-- duration: 26ms -->
        <step title="PreDeployment: context.CleanOutputPath False" date="2025-12-15T20:03:33.000" >
          <step title="PreDeployment: context.OutputPath /home/site/wwwroot" date="2025-12-15T20:03:33.125" >
            <step title="Building" date="2025-12-15T20:03:33.255" >
              <step title="Executing external process" date="2025-12-15T20:03:33.781" type="process" path="starter.sh" arguments="/opt/Kudu/Scripts/absoluteTar.sh /tmp/zipdeploy/extracted/node_modules /tmp/zipdeploy/extracted/node_modules.tar.gz" /><!-- duration: 5454ms -->
              <step title="Executing external process" date="2025-12-15T20:03:39.478" type="process" path="starter.sh" arguments="/opt/Kudu/Scripts/parallel_rsync.sh /tmp/zipdeploy/extracted /home/site/wwwroot 8 /tmp/ False True node_modules " /><!-- duration: 39550ms -->
              <step title="Triggering recycle (preview mode disabled)." date="2025-12-15T20:04:19.626" /><!-- duration: 4ms -->
              <step title="Modified file to trigger a restart of the app container." date="2025-12-15T20:04:19.649" /><!-- duration: 4ms -->
              <step title="Skip function trigger and logicapp sync because function is not enabled." date="2025-12-15T20:04:19.661" /><!-- duration: 3ms -->
            </step><!-- duration: 47142ms -->
          </step><!-- duration: 47278ms -->
          <step title="Cleaning up temp files" date="2025-12-15T20:04:20.405" /><!-- duration: 7ms -->
          <step title="Cleaning up temp files" date="2025-12-15T20:04:20.416" /><!-- duration: 507ms -->
          <step title="Reloading status file with latest updates" date="2025-12-15T20:04:20.972" >
            <step title="WebHooksManager.PublishEventAsync: PostDeployment" date="2025-12-15T20:04:20.982" /><!-- duration: 52ms -->
          </step><!-- duration: 66ms -->
          <step title="Cleaning up temporary deployment - fetch deployment was successful" date="2025-12-15T20:04:21.043" /><!-- duration: 2ms -->
        </step><!-- duration: 48108ms -->
      </step><!-- duration: 49612ms -->
