<step title="Incoming Request" date="2025-12-16T01:02:30.336" instance="dcab14" url="/api/zipdeploy?isAsync=true&amp;deployer=GITHUB_ZIP_DEPLOY&amp;message=%7B%22type%22%3A%22deployment%22%2C%22sha%22%3A%225b75459f47246f6d01f190af2ee6704a976df2ef%22%2C%22repoName%22%3A%22chongcho%2Faimediatank-azure%22%2C%22actor%22%3A%22chongcho%22%2C%22slotName%22%3A%22production%22%2C%22commitMessage%22%3A%22Update%20Nickname%20field%3A%20label%20to%20Nickname%20Display%20Name%20and%20placeholder%20to%20Type%20here%22%7D" method="POST" type="request" pid="833,1,80" Host="aimediatank-azure.scm.azurewebsites.net" User-Agent="GITHUBACTIONS_DeployWebAppToAzure_d1b8f4feedacd7ce0abd0c7ccc364eba2b4832a1f79de51adaff15331b99d3be" Authorization="Bas..." Content-Type="application/octet-stream" Cookie="ARRAffinity=dcab14bc307e8b893ae539209e80d9347a445e97a63340276c4a56c9e08559da;Path=/;HttpOnly;Secure;Domain=aimediatank-azure.scm.azurewebsites.net; ARRAffinitySameSite=dcab14bc307e8b893ae539209e80d9347a445e97a63340276c4a56c9e08559da;Path=/;HttpOnly;SameSite=None;Secure;Domain=aimediatank-azure.scm.azurewebsites.net" Transfer-Encoding="chunked" X-ARR-LOG-ID="93584789-a866-4efe-861a-f9db8d3bf0a2" CLIENT-IP="74.249.79.53:14336" X-SITE-DEPLOYMENT-ID="aimediatank-azure" WAS-DEFAULT-HOSTNAME="aimediatank-azure.scm.azurewebsites.net" X-Forwarded-Proto="https" X-AppService-Proto="https" X-Forwarded-TlsVersion="1.3" X-WAWS-Unencoded-URL="/api/zipdeploy?isAsync=true&amp;deployer=GITHUB_ZIP_DEPLOY&amp;message=%7B%22type%22%3A%22deployment%22%2C%22sha%22%3A%225b75459f47246f6d01f190af2ee6704a976df2ef%22%2C%22repoName%22%3A%22chongcho%2Faimediatank-azure%22%2C%22actor%22%3A%22chongcho%22%2C%22slotName%22%3A%22production%22%2C%22commitMessage%22%3A%22Update%20Nickname%20field%3A%20label%20to%20Nickname%20Display%20Name%20and%20placeholder%20to%20Type%20here%22%7D" X-Client-IP="74.249.79.53" X-Client-Port="14336" >
  <step title="Cleanup Xml Logs" date="2025-12-16T01:02:30.344" /><!-- duration: 21ms -->
  <step title="ZipPushDeploy" date="2025-12-16T01:02:30.422" >
    <step title="ZipDeploy. Extract zip." date="2025-12-16T01:02:30.451" /><!-- duration: 8ms -->
    <step title="None repository commit" date="2025-12-16T01:02:30.481" >
      <step title="Commit id: 19828504-8dda-4cbc-bbfa-a94d3b68b066" date="2025-12-16T01:02:30.490" Message="N/A" AuthorName="N/A" AuthorEmail="N/A" /><!-- duration: 8ms -->
    </step><!-- duration: 19ms -->
    <step title="Starting PushDeployAsync" date="2025-12-16T01:02:30.519" /><!-- duration: 8ms -->
    <step title="Removing node_modules symlink" date="2025-12-16T01:02:30.575" >
      <step title="Writing artifact to /tmp/zipdeploy/e00b3889-c0d1-48bd-a8ef-f733b8f01848.zip" date="2025-12-16T01:02:30.768" >
        <step title="Writing multipart request body to /tmp/zipdeploy/e00b3889-c0d1-48bd-a8ef-f733b8f01848.zip" date="2025-12-16T01:02:30.816" /><!-- duration: 13ms -->
      </step><!-- duration: 4075ms -->
      <step title="Removing previous build artifact&apos;s manifest file" date="2025-12-16T01:02:34.853" >
        <step title="Start deployment in the background" date="2025-12-16T01:02:34.867" >
          <step title="Acquiring Deployment Lock" date="2025-12-16T01:02:34.896" /><!-- duration: 2ms -->
          <step title="Acquired Deployment Lock" date="2025-12-16T01:02:34.930" /><!-- duration: 3ms -->
        </step><!-- duration: 129ms -->
      </step><!-- duration: 155ms -->
      <step title="Outgoing response" date="2025-12-16T01:02:35.024" type="response" statusCode="202" statusText="Accepted" /><!-- duration: 3ms -->
    </step><!-- duration: 4454ms -->
