<step title="Incoming Request" date="2025-12-15T22:57:35.060" instance="dcab14" url="/api/zipdeploy?isAsync=true&amp;deployer=GITHUB_ZIP_DEPLOY&amp;message=%7B%22type%22%3A%22deployment%22%2C%22sha%22%3A%2286ec0140918cc3dd8fcde813ea720fb36ae74e0e%22%2C%22repoName%22%3A%22chongcho%2Faimediatank-azure%22%2C%22actor%22%3A%22chongcho%22%2C%22slotName%22%3A%22production%22%2C%22commitMessage%22%3A%22Fix%3A%20Simplify%20email%20verification%20button%20to%20always%20show%22%7D" method="POST" type="request" pid="831,1,25" Host="aimediatank-azure.scm.azurewebsites.net" User-Agent="GITHUBACTIONS_DeployWebAppToAzure_d1b8f4feedacd7ce0abd0c7ccc364eba2b4832a1f79de51adaff15331b99d3be" Authorization="Bas..." Content-Type="application/octet-stream" Cookie="ARRAffinity=dcab14bc307e8b893ae539209e80d9347a445e97a63340276c4a56c9e08559da;Path=/;HttpOnly;Secure;Domain=aimediatank-azure.scm.azurewebsites.net; ARRAffinitySameSite=dcab14bc307e8b893ae539209e80d9347a445e97a63340276c4a56c9e08559da;Path=/;HttpOnly;SameSite=None;Secure;Domain=aimediatank-azure.scm.azurewebsites.net" Transfer-Encoding="chunked" X-ARR-LOG-ID="74d7f9f6-f7ef-44a7-ace8-6f49d341ad86" CLIENT-IP="52.157.2.240:46081" X-SITE-DEPLOYMENT-ID="aimediatank-azure" WAS-DEFAULT-HOSTNAME="aimediatank-azure.scm.azurewebsites.net" X-Forwarded-Proto="https" X-AppService-Proto="https" X-Forwarded-TlsVersion="1.3" X-WAWS-Unencoded-URL="/api/zipdeploy?isAsync=true&amp;deployer=GITHUB_ZIP_DEPLOY&amp;message=%7B%22type%22%3A%22deployment%22%2C%22sha%22%3A%2286ec0140918cc3dd8fcde813ea720fb36ae74e0e%22%2C%22repoName%22%3A%22chongcho%2Faimediatank-azure%22%2C%22actor%22%3A%22chongcho%22%2C%22slotName%22%3A%22production%22%2C%22commitMessage%22%3A%22Fix%3A%20Simplify%20email%20verification%20button%20to%20always%20show%22%7D" X-Client-IP="52.157.2.240" X-Client-Port="46081" >
  <step title="Cleanup Xml Logs" date="2025-12-15T22:57:35.063" /><!-- duration: 7ms -->
  <step title="ZipPushDeploy" date="2025-12-15T22:57:35.112" >
    <step title="ZipDeploy. Extract zip." date="2025-12-15T22:57:35.122" /><!-- duration: 9ms -->
    <step title="None repository commit" date="2025-12-15T22:57:35.137" >
      <step title="Commit id: 547b7e9a-3080-4dce-a88e-6f67e743991b" date="2025-12-15T22:57:35.141" Message="N/A" AuthorName="N/A" AuthorEmail="N/A" /><!-- duration: 4ms -->
    </step><!-- duration: 11ms -->
    <step title="Starting PushDeployAsync" date="2025-12-15T22:57:35.168" /><!-- duration: 4ms -->
    <step title="Removing node_modules symlink" date="2025-12-15T22:57:35.199" >
      <step title="Removing _del_node_modules symlink" date="2025-12-15T22:57:35.288" >
        <step title="Writing artifact to /tmp/zipdeploy/d5f6087a-5c81-4ce4-953b-8412dc687b00.zip" date="2025-12-15T22:57:35.317" >
          <step title="Writing multipart request body to /tmp/zipdeploy/d5f6087a-5c81-4ce4-953b-8412dc687b00.zip" date="2025-12-15T22:57:35.324" /><!-- duration: 9ms -->
        </step><!-- duration: 3323ms -->
        <step title="Removing previous build artifact&apos;s manifest file" date="2025-12-15T22:57:38.653" >
          <step title="Start deployment in the background" date="2025-12-15T22:57:38.666" >
            <step title="Acquiring Deployment Lock" date="2025-12-15T22:57:38.693" /><!-- duration: 3ms -->
            <step title="Acquired Deployment Lock" date="2025-12-15T22:57:38.744" /><!-- duration: 4ms -->
          </step><!-- duration: 162ms -->
        </step><!-- duration: 184ms -->
        <step title="Outgoing response" date="2025-12-15T22:57:38.843" type="response" statusCode="202" statusText="Accepted" /><!-- duration: 12ms -->
      </step><!-- duration: 3571ms -->
