<step title="Incoming Request" date="2025-12-15T23:06:38.778" instance="dcab14" url="/api/zipdeploy?isAsync=true&amp;deployer=GITHUB_ZIP_DEPLOY&amp;message=%7B%22type%22%3A%22deployment%22%2C%22sha%22%3A%225552bab12ff5e771c7cd05e71a90e5231062b827%22%2C%22repoName%22%3A%22chongcho%2Faimediatank-azure%22%2C%22actor%22%3A%22chongcho%22%2C%22slotName%22%3A%22production%22%2C%22commitMessage%22%3A%22Fix%3A%20Update%20copy%20command%20for%20standalone%20deployment%22%7D" method="POST" type="request" pid="830,1,21" Host="aimediatank-azure.scm.azurewebsites.net" User-Agent="GITHUBACTIONS_DeployWebAppToAzure_d1b8f4feedacd7ce0abd0c7ccc364eba2b4832a1f79de51adaff15331b99d3be" Authorization="Bas..." Content-Type="application/octet-stream" Cookie="ARRAffinity=dcab14bc307e8b893ae539209e80d9347a445e97a63340276c4a56c9e08559da;Path=/;HttpOnly;Secure;Domain=aimediatank-azure.scm.azurewebsites.net; ARRAffinitySameSite=dcab14bc307e8b893ae539209e80d9347a445e97a63340276c4a56c9e08559da;Path=/;HttpOnly;SameSite=None;Secure;Domain=aimediatank-azure.scm.azurewebsites.net" Transfer-Encoding="chunked" X-ARR-LOG-ID="4c63a19a-78f1-47db-9f60-23e529881d59" CLIENT-IP="135.232.193.38:6144" X-SITE-DEPLOYMENT-ID="aimediatank-azure" WAS-DEFAULT-HOSTNAME="aimediatank-azure.scm.azurewebsites.net" X-Forwarded-Proto="https" X-AppService-Proto="https" X-Forwarded-TlsVersion="1.3" X-WAWS-Unencoded-URL="/api/zipdeploy?isAsync=true&amp;deployer=GITHUB_ZIP_DEPLOY&amp;message=%7B%22type%22%3A%22deployment%22%2C%22sha%22%3A%225552bab12ff5e771c7cd05e71a90e5231062b827%22%2C%22repoName%22%3A%22chongcho%2Faimediatank-azure%22%2C%22actor%22%3A%22chongcho%22%2C%22slotName%22%3A%22production%22%2C%22commitMessage%22%3A%22Fix%3A%20Update%20copy%20command%20for%20standalone%20deployment%22%7D" X-Client-IP="135.232.193.38" X-Client-Port="6144" >
  <step title="Cleanup Xml Logs" date="2025-12-15T23:06:38.781" /><!-- duration: 7ms -->
  <step title="ZipPushDeploy" date="2025-12-15T23:06:38.831" >
    <step title="ZipDeploy. Extract zip." date="2025-12-15T23:06:38.837" /><!-- duration: 3ms -->
    <step title="None repository commit" date="2025-12-15T23:06:38.847" >
      <step title="Commit id: 746203e7-e7c5-449b-8262-11a3e46af2f3" date="2025-12-15T23:06:38.850" Message="N/A" AuthorName="N/A" AuthorEmail="N/A" /><!-- duration: 4ms -->
    </step><!-- duration: 10ms -->
    <step title="Starting PushDeployAsync" date="2025-12-15T23:06:38.863" /><!-- duration: 7ms -->
    <step title="Removing node_modules symlink" date="2025-12-15T23:06:38.888" >
      <step title="Removing _del_node_modules symlink" date="2025-12-15T23:06:38.930" >
        <step title="Writing artifact to /tmp/zipdeploy/10196721-a45a-46eb-934c-501877d93e2d.zip" date="2025-12-15T23:06:38.953" >
          <step title="Writing multipart request body to /tmp/zipdeploy/10196721-a45a-46eb-934c-501877d93e2d.zip" date="2025-12-15T23:06:38.962" /><!-- duration: 3ms -->
        </step><!-- duration: 2207ms -->
        <step title="Removing previous build artifact&apos;s manifest file" date="2025-12-15T23:06:41.177" >
          <step title="Start deployment in the background" date="2025-12-15T23:06:41.189" >
            <step title="Acquiring Deployment Lock" date="2025-12-15T23:06:41.207" /><!-- duration: 3ms -->
            <step title="Acquired Deployment Lock" date="2025-12-15T23:06:41.241" /><!-- duration: 4ms -->
          </step><!-- duration: 245ms -->
        </step><!-- duration: 264ms -->
        <step title="Outgoing response" date="2025-12-15T23:06:41.679" type="response" statusCode="202" statusText="Accepted" /><!-- duration: 4ms -->
      </step><!-- duration: 2756ms -->
