<step title="Incoming Request" date="2025-12-16T15:48:46.242" instance="dcab14" url="/api/zipdeploy?isAsync=true&amp;deployer=GITHUB_ZIP_DEPLOY&amp;message=%7B%22type%22%3A%22deployment%22%2C%22sha%22%3A%223047ae64e4fb9b776d191a52473faa556e648b41%22%2C%22repoName%22%3A%22chongcho%2Faimediatank-azure%22%2C%22actor%22%3A%22chongcho%22%2C%22slotName%22%3A%22production%22%2C%22commitMessage%22%3A%22Add%20real-time%20password%20matching%20validation%20on%20registration%20and%20profile%20edit%20screens%22%7D" method="POST" type="request" pid="833,1,29" Host="aimediatank-azure.scm.azurewebsites.net" User-Agent="GITHUBACTIONS_DeployWebAppToAzure_d1b8f4feedacd7ce0abd0c7ccc364eba2b4832a1f79de51adaff15331b99d3be" Authorization="Bas..." Content-Type="application/octet-stream" Cookie="ARRAffinity=dcab14bc307e8b893ae539209e80d9347a445e97a63340276c4a56c9e08559da;Path=/;HttpOnly;Secure;Domain=aimediatank-azure.scm.azurewebsites.net; ARRAffinitySameSite=dcab14bc307e8b893ae539209e80d9347a445e97a63340276c4a56c9e08559da;Path=/;HttpOnly;SameSite=None;Secure;Domain=aimediatank-azure.scm.azurewebsites.net" Transfer-Encoding="chunked" X-ARR-LOG-ID="58cda18f-c44c-46c2-9269-3398be5c79e7" CLIENT-IP="52.242.243.101:53376" X-SITE-DEPLOYMENT-ID="aimediatank-azure" WAS-DEFAULT-HOSTNAME="aimediatank-azure.scm.azurewebsites.net" X-Forwarded-Proto="https" X-AppService-Proto="https" X-Forwarded-TlsVersion="1.3" X-WAWS-Unencoded-URL="/api/zipdeploy?isAsync=true&amp;deployer=GITHUB_ZIP_DEPLOY&amp;message=%7B%22type%22%3A%22deployment%22%2C%22sha%22%3A%223047ae64e4fb9b776d191a52473faa556e648b41%22%2C%22repoName%22%3A%22chongcho%2Faimediatank-azure%22%2C%22actor%22%3A%22chongcho%22%2C%22slotName%22%3A%22production%22%2C%22commitMessage%22%3A%22Add%20real-time%20password%20matching%20validation%20on%20registration%20and%20profile%20edit%20screens%22%7D" X-Client-IP="52.242.243.101" X-Client-Port="53376" >
  <step title="Cleanup Xml Logs" date="2025-12-16T15:48:46.244" >
    <step title="Cleanup Infos" date="2025-12-16T15:48:46.254" totalFiles="209" totalCleanup="49" /><!-- duration: 5ms -->
  </step><!-- duration: 18ms -->
  <step title="ZipPushDeploy" date="2025-12-16T15:48:46.280" >
    <step title="ZipDeploy. Extract zip." date="2025-12-16T15:48:46.284" /><!-- duration: 3ms -->
    <step title="Starting PushDeployAsync" date="2025-12-16T15:48:46.291" /><!-- duration: 3ms -->
    <step title="Removing node_modules symlink" date="2025-12-16T15:48:46.308" >
      <step title="Writing artifact to /tmp/zipdeploy/4646a872-48f6-4077-a0bb-1b4751775ab9.zip" date="2025-12-16T15:48:46.349" >
        <step title="Writing multipart request body to /tmp/zipdeploy/4646a872-48f6-4077-a0bb-1b4751775ab9.zip" date="2025-12-16T15:48:46.352" /><!-- duration: 4ms -->
      </step><!-- duration: 1977ms -->
      <step title="Removing previous build artifact&apos;s manifest file" date="2025-12-16T15:48:48.333" >
        <step title="Start deployment in the background" date="2025-12-16T15:48:48.354" >
          <step title="Acquiring Deployment Lock" date="2025-12-16T15:48:48.365" /><!-- duration: 3ms -->
          <step title="Acquired Deployment Lock" date="2025-12-16T15:48:48.395" /><!-- duration: 3ms -->
        </step><!-- duration: 122ms -->
      </step><!-- duration: 145ms -->
      <step title="Outgoing response" date="2025-12-16T15:48:48.483" type="response" statusCode="202" statusText="Accepted" /><!-- duration: 3ms -->
    </step><!-- duration: 2187ms -->
