<step title="BackgroundTrace" date="2025-12-16T15:30:11.107" instance="dcab14" url="/api/zipdeploy" method="POST" >
  <step title="Creating temporary deployment - FetchDeploymentManager" date="2025-12-16T15:30:11.161" /><!-- duration: 2ms -->
  <step title="Creating temporary deployment" date="2025-12-16T15:30:11.168" /><!-- duration: 43ms -->
  <step title="Performing fetch based deployment" date="2025-12-16T15:30:11.233" >
    <step title="Cleaning up temp folders from previous zip deployments and extracting pushed zip file /tmp/zipdeploy/033a1c9b-5533-46b2-b72a-b07b7de7cd0f.zip (100.87 MB) to /tmp/zipdeploy/extracted" date="2025-12-16T15:30:12.370" >
      <step title="ChmodRecursive Process exited with total time taken in ms: 102" date="2025-12-16T15:30:14.616" /><!-- duration: 6ms -->
    </step><!-- duration: 2256ms -->
    <step title="Deployment timer started" date="2025-12-16T15:30:16.633" >
      <step title="DeploymentManager.Deploy(id:3ec866df-9e73-4eff-8a9d-7307caf5fa55)" date="2025-12-16T15:30:16.639" >
        <step title="Collecting changeset information" date="2025-12-16T15:30:16.649" /><!-- duration: 84ms -->
        <step title="Updating submodules" date="2025-12-16T15:30:16.738" /><!-- duration: 1114ms -->
        <step title="Determining deployment builder" date="2025-12-16T15:30:18.307" >
          <step title="Builder is BasicBuilder" date="2025-12-16T15:30:18.314" /><!-- duration: 7ms -->
        </step><!-- duration: 18ms -->
        <step title="PreDeployment: context.CleanOutputPath False" date="2025-12-16T15:30:18.368" >
          <step title="PreDeployment: context.OutputPath /home/site/wwwroot" date="2025-12-16T15:30:18.472" >
            <step title="Building" date="2025-12-16T15:30:18.603" >
              <step title="Executing external process" date="2025-12-16T15:30:19.117" type="process" path="starter.sh" arguments="/opt/Kudu/Scripts/absoluteTar.sh /tmp/zipdeploy/extracted/node_modules /tmp/zipdeploy/extracted/node_modules.tar.gz" /><!-- duration: 5187ms -->
              <step title="Executing external process" date="2025-12-16T15:30:24.579" type="process" path="starter.sh" arguments="/opt/Kudu/Scripts/parallel_rsync.sh /tmp/zipdeploy/extracted /home/site/wwwroot 8 /tmp/ False True node_modules " /><!-- duration: 7972ms -->
              <step title="Triggering recycle (preview mode disabled)." date="2025-12-16T15:30:33.154" /><!-- duration: 3ms -->
              <step title="Modified file to trigger a restart of the app container." date="2025-12-16T15:30:33.185" /><!-- duration: 3ms -->
              <step title="Skip function trigger and logicapp sync because function is not enabled." date="2025-12-16T15:30:33.191" /><!-- duration: 3ms -->
              <step title="Purge deployment items" date="2025-12-16T15:30:34.307" >
                <step title="Remove 5f0f4d00-, Success, received at 12/15/2025 22:27:41" date="2025-12-16T15:30:34.365" /><!-- duration: 3ms -->
              </step><!-- duration: 65ms -->
            </step><!-- duration: 15863ms -->
          </step><!-- duration: 15998ms -->
          <step title="Cleaning up temp files" date="2025-12-16T15:30:34.472" /><!-- duration: 3ms -->
          <step title="Cleaning up temp files" date="2025-12-16T15:30:34.478" /><!-- duration: 505ms -->
          <step title="Reloading status file with latest updates" date="2025-12-16T15:30:35.006" >
            <step title="WebHooksManager.PublishEventAsync: PostDeployment" date="2025-12-16T15:30:35.010" /><!-- duration: 20ms -->
          </step><!-- duration: 27ms -->
          <step title="Cleaning up temporary deployment - fetch deployment was successful" date="2025-12-16T15:30:35.038" /><!-- duration: 3ms -->
        </step><!-- duration: 16749ms -->
      </step><!-- duration: 18492ms -->
