<step title="Incoming Request" date="2025-12-16T15:48:54.595" instance="dcab14" url="/api/deployments/latest?deployer=GITHUB_ZIP_DEPLOY&amp;time=2025-12-16_15-48-48Z" method="GET" type="request" pid="833,1,26" Host="aimediatank-azure.scm.azurewebsites.net" User-Agent="GITHUBACTIONS_DeployWebAppToAzure_d1b8f4feedacd7ce0abd0c7ccc364eba2b4832a1f79de51adaff15331b99d3be" Authorization="Bas..." Content-Type="application/json; charset=utf-8" Cookie="ARRAffinity=dcab14bc307e8b893ae539209e80d9347a445e97a63340276c4a56c9e08559da;Path=/;HttpOnly;Secure;Domain=aimediatank-azure.scm.azurewebsites.net; ARRAffinitySameSite=dcab14bc307e8b893ae539209e80d9347a445e97a63340276c4a56c9e08559da;Path=/;HttpOnly;SameSite=None;Secure;Domain=aimediatank-azure.scm.azurewebsites.net" Content-Length="0" X-ARR-LOG-ID="986e53fb-7d1b-4399-9273-c57e172904e6" CLIENT-IP="52.242.243.101:53377" X-SITE-DEPLOYMENT-ID="aimediatank-azure" WAS-DEFAULT-HOSTNAME="aimediatank-azure.scm.azurewebsites.net" X-Forwarded-Proto="https" X-AppService-Proto="https" X-Forwarded-TlsVersion="1.3" X-WAWS-Unencoded-URL="/api/deployments/latest?deployer=GITHUB_ZIP_DEPLOY&amp;time=2025-12-16_15-48-48Z" X-Client-IP="52.242.243.101" X-Client-Port="53377" >
  <step title="Cleanup Xml Logs" date="2025-12-16T15:48:54.598" >
    <step title="Cleanup Infos" date="2025-12-16T15:48:54.605" totalFiles="212" totalCleanup="52" /><!-- duration: 4ms -->
  </step><!-- duration: 13ms -->
  <step title="DeploymentService.GetResult" date="2025-12-16T15:48:54.617" >
    <step title="DeploymentService.GetLatestDeployment" date="2025-12-16T15:48:54.619" >
      <step title="DeploymentManager.GetResults" date="2025-12-16T15:48:54.642" /><!-- duration: 766ms -->
    </step><!-- duration: 794ms -->
  </step><!-- duration: 799ms -->
  <step title="Outgoing response" date="2025-12-16T15:48:55.420" type="response" statusCode="202" statusText="Accepted" /><!-- duration: 4ms -->
</step><!-- duration: 832ms -->
