<step title="Incoming Request" date="2025-12-16T23:55:08.762" instance="dcab14" url="/api/deployments/latest?deployer=GITHUB_ZIP_DEPLOY&amp;time=2025-12-16_23-54-56Z" method="GET" type="request" pid="831,1,22" Host="aimediatank-azure.scm.azurewebsites.net" User-Agent="GITHUBACTIONS_DeployWebAppToAzure_d1b8f4feedacd7ce0abd0c7ccc364eba2b4832a1f79de51adaff15331b99d3be" Authorization="Bas..." Content-Type="application/json; charset=utf-8" Cookie="ARRAffinity=dcab14bc307e8b893ae539209e80d9347a445e97a63340276c4a56c9e08559da;Path=/;HttpOnly;Secure;Domain=aimediatank-azure.scm.azurewebsites.net; ARRAffinitySameSite=dcab14bc307e8b893ae539209e80d9347a445e97a63340276c4a56c9e08559da;Path=/;HttpOnly;SameSite=None;Secure;Domain=aimediatank-azure.scm.azurewebsites.net" Content-Length="0" X-ARR-LOG-ID="6d26bd7a-4178-40da-a022-78d422d1e62e" CLIENT-IP="145.132.102.243:38936" X-SITE-DEPLOYMENT-ID="aimediatank-azure" WAS-DEFAULT-HOSTNAME="aimediatank-azure.scm.azurewebsites.net" X-Forwarded-Proto="https" X-AppService-Proto="https" X-Forwarded-TlsVersion="1.3" X-WAWS-Unencoded-URL="/api/deployments/latest?deployer=GITHUB_ZIP_DEPLOY&amp;time=2025-12-16_23-54-56Z" X-Client-IP="145.132.102.243" X-Client-Port="38936" >
  <step title="Cleanup Xml Logs" date="2025-12-16T23:55:08.780" >
    <step title="Cleanup Infos" date="2025-12-16T23:55:08.789" totalFiles="232" totalCleanup="72" /><!-- duration: 40ms -->
  </step><!-- duration: 52ms -->
  <step title="DeploymentService.GetResult" date="2025-12-16T23:55:08.843" >
    <step title="DeploymentService.GetLatestDeployment" date="2025-12-16T23:55:08.859" >
      <step title="DeploymentManager.GetResults" date="2025-12-16T23:55:08.870" /><!-- duration: 710ms -->
    </step><!-- duration: 723ms -->
  </step><!-- duration: 742ms -->
  <step title="Outgoing response" date="2025-12-16T23:55:09.591" type="response" statusCode="202" statusText="Accepted" /><!-- duration: 11ms -->
</step><!-- duration: 846ms -->
