<step title="BackgroundTrace" date="2025-12-16T01:02:34.872" instance="dcab14" url="/api/zipdeploy" method="POST" >
  <step title="Cleanup Xml Logs" date="2025-12-16T01:02:34.874" /><!-- duration: 7ms -->
  <step title="Creating temporary deployment - FetchDeploymentManager" date="2025-12-16T01:02:34.936" /><!-- duration: 3ms -->
  <step title="Creating temporary deployment" date="2025-12-16T01:02:34.942" /><!-- duration: 50ms -->
  <step title="Performing fetch based deployment" date="2025-12-16T01:02:35.039" >
    <step title="Cleaning up temp folders from previous zip deployments and extracting pushed zip file /tmp/zipdeploy/e00b3889-c0d1-48bd-a8ef-f733b8f01848.zip (100.87 MB) to /tmp/zipdeploy/extracted" date="2025-12-16T01:02:36.217" >
      <step title="ChmodRecursive Process exited with total time taken in ms: 102" date="2025-12-16T01:02:38.341" /><!-- duration: 6ms -->
    </step><!-- duration: 2134ms -->
    <step title="Deployment timer started" date="2025-12-16T01:02:40.365" >
      <step title="DeploymentManager.Deploy(id:19828504-8dda-4cbc-bbfa-a94d3b68b066)" date="2025-12-16T01:02:40.371" >
        <step title="Collecting changeset information" date="2025-12-16T01:02:40.383" /><!-- duration: 74ms -->
        <step title="Updating submodules" date="2025-12-16T01:02:40.462" /><!-- duration: 1113ms -->
        <step title="Determining deployment builder" date="2025-12-16T01:02:41.781" >
          <step title="Builder is BasicBuilder" date="2025-12-16T01:02:41.788" /><!-- duration: 8ms -->
        </step><!-- duration: 18ms -->
        <step title="PreDeployment: context.CleanOutputPath False" date="2025-12-16T01:02:41.851" >
          <step title="PreDeployment: context.OutputPath /home/site/wwwroot" date="2025-12-16T01:02:42.593" >
            <step title="Building" date="2025-12-16T01:02:42.748" >
              <step title="Executing external process" date="2025-12-16T01:02:43.264" type="process" path="starter.sh" arguments="/opt/Kudu/Scripts/absoluteTar.sh /tmp/zipdeploy/extracted/node_modules /tmp/zipdeploy/extracted/node_modules.tar.gz" /><!-- duration: 5149ms -->
              <step title="Executing external process" date="2025-12-16T01:02:48.958" type="process" path="starter.sh" arguments="/opt/Kudu/Scripts/parallel_rsync.sh /tmp/zipdeploy/extracted /home/site/wwwroot 8 /tmp/ False True node_modules " /><!-- duration: 8241ms -->
              <step title="Triggering recycle (preview mode disabled)." date="2025-12-16T01:02:57.781" /><!-- duration: 4ms -->
              <step title="Modified file to trigger a restart of the app container." date="2025-12-16T01:02:57.817" /><!-- duration: 2ms -->
              <step title="Skip function trigger and logicapp sync because function is not enabled." date="2025-12-16T01:02:57.827" /><!-- duration: 3ms -->
              <step title="Purge deployment items" date="2025-12-16T01:02:59.239" >
                <step title="Remove 613372e4-, Success, received at 12/15/2025 20:03:31" date="2025-12-16T01:02:59.289" /><!-- duration: 3ms -->
              </step><!-- duration: 63ms -->
            </step><!-- duration: 16671ms -->
          </step><!-- duration: 16836ms -->
          <step title="Cleaning up temp files" date="2025-12-16T01:02:59.467" /><!-- duration: 27ms -->
          <step title="Cleaning up temp files" date="2025-12-16T01:02:59.512" /><!-- duration: 541ms -->
          <step title="Reloading status file with latest updates" date="2025-12-16T01:03:00.169" >
            <step title="WebHooksManager.PublishEventAsync: PostDeployment" date="2025-12-16T01:03:00.181" /><!-- duration: 106ms -->
          </step><!-- duration: 125ms -->
          <step title="Cleaning up temporary deployment - fetch deployment was successful" date="2025-12-16T01:03:00.319" /><!-- duration: 8ms -->
        </step><!-- duration: 18574ms -->
      </step><!-- duration: 20102ms -->
