<step title="BackgroundTrace" date="2025-12-16T15:08:28.106" instance="dcab14" url="/api/zipdeploy" method="POST" >
  <step title="Creating temporary deployment - FetchDeploymentManager" date="2025-12-16T15:08:28.156" /><!-- duration: 2ms -->
  <step title="Creating temporary deployment" date="2025-12-16T15:08:28.163" /><!-- duration: 52ms -->
  <step title="Performing fetch based deployment" date="2025-12-16T15:08:28.245" >
    <step title="Cleaning up temp folders from previous zip deployments and extracting pushed zip file /tmp/zipdeploy/20482b13-aa97-4648-a37d-9f3b4f13db0e.zip (100.87 MB) to /tmp/zipdeploy/extracted" date="2025-12-16T15:08:29.371" >
      <step title="ChmodRecursive Process exited with total time taken in ms: 102" date="2025-12-16T15:08:31.689" /><!-- duration: 5ms -->
    </step><!-- duration: 2327ms -->
    <step title="Deployment timer started" date="2025-12-16T15:08:33.709" >
      <step title="DeploymentManager.Deploy(id:7c876dbe-0eef-4db1-8a2d-44f8cc2585bf)" date="2025-12-16T15:08:33.714" >
        <step title="Collecting changeset information" date="2025-12-16T15:08:33.724" /><!-- duration: 79ms -->
        <step title="Updating submodules" date="2025-12-16T15:08:33.809" /><!-- duration: 1132ms -->
        <step title="Determining deployment builder" date="2025-12-16T15:08:35.241" >
          <step title="Builder is BasicBuilder" date="2025-12-16T15:08:35.249" /><!-- duration: 9ms -->
        </step><!-- duration: 21ms -->
        <step title="PreDeployment: context.CleanOutputPath False" date="2025-12-16T15:08:35.308" >
          <step title="PreDeployment: context.OutputPath /home/site/wwwroot" date="2025-12-16T15:08:35.414" >
            <step title="Building" date="2025-12-16T15:08:35.544" >
              <step title="Executing external process" date="2025-12-16T15:08:36.081" type="process" path="starter.sh" arguments="/opt/Kudu/Scripts/absoluteTar.sh /tmp/zipdeploy/extracted/node_modules /tmp/zipdeploy/extracted/node_modules.tar.gz" /><!-- duration: 4982ms -->
              <step title="Executing external process" date="2025-12-16T15:08:41.342" type="process" path="starter.sh" arguments="/opt/Kudu/Scripts/parallel_rsync.sh /tmp/zipdeploy/extracted /home/site/wwwroot 8 /tmp/ False True node_modules " /><!-- duration: 7541ms -->
              <step title="Triggering recycle (preview mode disabled)." date="2025-12-16T15:08:49.511" /><!-- duration: 5ms -->
              <step title="Modified file to trigger a restart of the app container." date="2025-12-16T15:08:49.539" /><!-- duration: 3ms -->
              <step title="Skip function trigger and logicapp sync because function is not enabled." date="2025-12-16T15:08:49.545" /><!-- duration: 2ms -->
              <step title="Purge deployment items" date="2025-12-16T15:08:50.636" >
                <step title="Remove 1bb5d5da-, Success, received at 12/15/2025 22:20:29" date="2025-12-16T15:08:50.726" /><!-- duration: 4ms -->
              </step><!-- duration: 98ms -->
            </step><!-- duration: 15319ms -->
          </step><!-- duration: 15478ms -->
          <step title="Cleaning up temp files" date="2025-12-16T15:08:50.908" /><!-- duration: 10ms -->
          <step title="Cleaning up temp files" date="2025-12-16T15:08:50.931" /><!-- duration: 516ms -->
          <step title="Reloading status file with latest updates" date="2025-12-16T15:08:51.495" >
            <step title="WebHooksManager.PublishEventAsync: PostDeployment" date="2025-12-16T15:08:51.530" /><!-- duration: 56ms -->
          </step><!-- duration: 97ms -->
          <step title="Cleaning up temporary deployment - fetch deployment was successful" date="2025-12-16T15:08:51.609" /><!-- duration: 4ms -->
        </step><!-- duration: 16409ms -->
      </step><!-- duration: 18040ms -->
