<step title="Incoming Request" date="2025-12-15T19:31:52.003" instance="dcab14" url="/api/zipdeploy?isAsync=true&amp;deployer=GITHUB_ZIP_DEPLOY&amp;message=%7B%22type%22%3A%22deployment%22%2C%22sha%22%3A%2255024bbb71e4990e0d14ace5bfcfb8a86cc87e1a%22%2C%22repoName%22%3A%22chongcho%2Faimediatank-azure%22%2C%22actor%22%3A%22chongcho%22%2C%22slotName%22%3A%22production%22%2C%22commitMessage%22%3A%22Retry%20deployment%20after%20enabling%20basic%20auth%22%7D" method="POST" type="request" pid="831,1,47" Host="aimediatank-azure.scm.azurewebsites.net" User-Agent="GITHUBACTIONS_DeployWebAppToAzure_d1b8f4feedacd7ce0abd0c7ccc364eba2b4832a1f79de51adaff15331b99d3be" Authorization="Bas..." Content-Type="application/octet-stream" Cookie="ARRAffinity=dcab14bc307e8b893ae539209e80d9347a445e97a63340276c4a56c9e08559da;Path=/;HttpOnly;Secure;Domain=aimediatank-azure.scm.azurewebsites.net; ARRAffinitySameSite=dcab14bc307e8b893ae539209e80d9347a445e97a63340276c4a56c9e08559da;Path=/;HttpOnly;SameSite=None;Secure;Domain=aimediatank-azure.scm.azurewebsites.net" Transfer-Encoding="chunked" X-ARR-LOG-ID="fa1f25e6-574c-4b7a-8f14-5c89f93f1729" CLIENT-IP="52.173.162.104:4096" X-SITE-DEPLOYMENT-ID="aimediatank-azure" WAS-DEFAULT-HOSTNAME="aimediatank-azure.scm.azurewebsites.net" X-Forwarded-Proto="https" X-AppService-Proto="https" X-Forwarded-TlsVersion="1.3" X-WAWS-Unencoded-URL="/api/zipdeploy?isAsync=true&amp;deployer=GITHUB_ZIP_DEPLOY&amp;message=%7B%22type%22%3A%22deployment%22%2C%22sha%22%3A%2255024bbb71e4990e0d14ace5bfcfb8a86cc87e1a%22%2C%22repoName%22%3A%22chongcho%2Faimediatank-azure%22%2C%22actor%22%3A%22chongcho%22%2C%22slotName%22%3A%22production%22%2C%22commitMessage%22%3A%22Retry%20deployment%20after%20enabling%20basic%20auth%22%7D" X-Client-IP="52.173.162.104" X-Client-Port="4096" >
  <step title="Cleanup Xml Logs" date="2025-12-15T19:31:52.006" /><!-- duration: 5ms -->
  <step title="ZipPushDeploy" date="2025-12-15T19:31:52.025" >
    <step title="ZipDeploy. Extract zip." date="2025-12-15T19:31:52.029" /><!-- duration: 2ms -->
    <step title="Starting PushDeployAsync" date="2025-12-15T19:31:52.036" /><!-- duration: 3ms -->
    <step title="Writing artifact to /tmp/zipdeploy/64f2de10-26c4-4afc-83f8-a7cf3f15a174.zip" date="2025-12-15T19:31:52.048" >
      <step title="Writing multipart request body to /tmp/zipdeploy/64f2de10-26c4-4afc-83f8-a7cf3f15a174.zip" date="2025-12-15T19:31:52.051" /><!-- duration: 5ms -->
    </step><!-- duration: 2326ms -->
    <step title="Start deployment in the background" date="2025-12-15T19:31:54.458" >
      <step title="Acquiring Deployment Lock" date="2025-12-15T19:31:54.473" /><!-- duration: 3ms -->
      <step title="Acquired Deployment Lock" date="2025-12-15T19:31:54.502" /><!-- duration: 3ms -->
    </step><!-- duration: 122ms -->
  </step><!-- duration: 2559ms -->
  <step title="Outgoing response" date="2025-12-15T19:31:54.587" type="response" statusCode="202" statusText="Accepted" /><!-- duration: 3ms -->
</step><!-- duration: 2589ms -->
