<step title="Incoming Request" date="2025-12-15T18:50:17.126" instance="dcab14" url="/api/zipdeploy?isAsync=true" method="POST" type="request" pid="831,1,50" Accept="*/*" Host="aimediatank-azure.scm.azurewebsites.net" User-Agent="AZURECLI/2.80.0 (MSI)" Accept-Encoding="gzip, deflate" Authorization="Bas..." Cache-Control="no-cache" Content-Type="application/octet-stream" Content-Length="104604825" x-ms-client-request-id="dad4a932-d9e6-11f0-aefc-f077c3517871" x-ms-artifact-checksum="7a13f4e10dc1e901b9cd7d7fa9b33a35b4a32a4b995cbedf12fa25b44a6c8324" X-ARR-LOG-ID="dad4a932-d9e6-11f0-aefc-f077c3517871" CLIENT-IP="67.183.177.12:58007" X-SITE-DEPLOYMENT-ID="aimediatank-azure" WAS-DEFAULT-HOSTNAME="aimediatank-azure.scm.azurewebsites.net" X-Forwarded-Proto="https" X-AppService-Proto="https" X-Forwarded-TlsVersion="1.3" X-WAWS-Unencoded-URL="/api/zipdeploy?isAsync=true" X-Client-IP="67.183.177.12" X-Client-Port="58007" >
  <step title="Cleanup Xml Logs" date="2025-12-15T18:50:17.128" /><!-- duration: 6ms -->
  <step title="ZipPushDeploy" date="2025-12-15T18:50:17.216" >
    <step title="ZipDeploy. Extract zip." date="2025-12-15T18:50:17.228" /><!-- duration: 3ms -->
    <step title="None repository commit" date="2025-12-15T18:50:17.237" >
      <step title="Commit id: fb96e2a3-75d8-4b11-9f15-9a03e9f3c906" date="2025-12-15T18:50:17.241" Message="N/A" AuthorName="N/A" AuthorEmail="N/A" /><!-- duration: 3ms -->
    </step><!-- duration: 10ms -->
    <step title="Starting PushDeployAsync" date="2025-12-15T18:50:17.253" /><!-- duration: 4ms -->
    <step title="Writing artifact to /tmp/zipdeploy/2b533fe0-c18d-47f8-b949-d77274836934.zip" date="2025-12-15T18:50:17.281" >
      <step title="Writing multipart request body to /tmp/zipdeploy/2b533fe0-c18d-47f8-b949-d77274836934.zip" date="2025-12-15T18:50:17.287" /><!-- duration: 3ms -->
    </step><!-- duration: 24086ms -->
    <step title="Start deployment in the background" date="2025-12-15T18:50:41.382" >
      <step title="Acquiring Deployment Lock" date="2025-12-15T18:50:41.426" /><!-- duration: 11ms -->
      <step title="Acquired Deployment Lock" date="2025-12-15T18:50:41.524" /><!-- duration: 3ms -->
    </step><!-- duration: 283ms -->
  </step><!-- duration: 24459ms -->
  <step title="Outgoing response" date="2025-12-15T18:50:41.728" type="response" statusCode="202" statusText="Accepted" /><!-- duration: 3ms -->
</step><!-- duration: 24609ms -->
