<step title="BackgroundTrace" date="2025-12-15T22:27:29.064" instance="dcab14" url="/api/zipdeploy" method="POST" >
  <step title="Cleanup Xml Logs" date="2025-12-15T22:27:29.074" /><!-- duration: 29ms -->
  <step title="Creating temporary deployment - FetchDeploymentManager" date="2025-12-15T22:27:29.288" /><!-- duration: 2ms -->
  <step title="Creating temporary deployment" date="2025-12-15T22:27:29.297" /><!-- duration: 99ms -->
  <step title="Performing fetch based deployment" date="2025-12-15T22:27:29.495" >
    <step title="Cleaning up temp folders from previous zip deployments and extracting pushed zip file /tmp/zipdeploy/548ac744-9c04-4171-82b8-74e5144f8458.zip (158.96 MB) to /tmp/zipdeploy/extracted" date="2025-12-15T22:27:30.826" >
      <step title="ChmodRecursive Process exited with total time taken in ms: 408" date="2025-12-15T22:27:39.849" /><!-- duration: 29ms -->
    </step><!-- duration: 9069ms -->
    <step title="Deployment timer started" date="2025-12-15T22:27:41.919" >
      <step title="DeploymentManager.Deploy(id:5f0f4d00-ec4f-46b9-a877-c2b8154fb6c5)" date="2025-12-15T22:27:41.928" >
        <step title="Collecting changeset information" date="2025-12-15T22:27:41.940" /><!-- duration: 100ms -->
        <step title="Updating submodules" date="2025-12-15T22:27:42.046" /><!-- duration: 1120ms -->
        <step title="Determining deployment builder" date="2025-12-15T22:27:43.392" >
          <step title="Builder is BasicBuilder" date="2025-12-15T22:27:43.408" /><!-- duration: 5ms -->
        </step><!-- duration: 25ms -->
        <step title="PreDeployment: context.CleanOutputPath False" date="2025-12-15T22:27:43.470" >
          <step title="PreDeployment: context.OutputPath /home/site/wwwroot" date="2025-12-15T22:27:43.579" >
            <step title="Building" date="2025-12-15T22:27:43.741" >
              <step title="Executing external process" date="2025-12-15T22:27:44.232" type="process" path="starter.sh" arguments="/opt/Kudu/Scripts/absoluteTar.sh /tmp/zipdeploy/extracted/node_modules /tmp/zipdeploy/extracted/node_modules.tar.gz" /><!-- duration: 5658ms -->
              <step title="Executing external process" date="2025-12-15T22:27:50.184" type="process" path="starter.sh" arguments="/opt/Kudu/Scripts/parallel_rsync.sh /tmp/zipdeploy/extracted /home/site/wwwroot 8 /tmp/ False True node_modules " /><!-- duration: 37266ms -->
              <step title="Triggering recycle (preview mode disabled)." date="2025-12-15T22:28:28.154" /><!-- duration: 3ms -->
              <step title="Modified file to trigger a restart of the app container." date="2025-12-15T22:28:28.181" /><!-- duration: 10ms -->
              <step title="Skip function trigger and logicapp sync because function is not enabled." date="2025-12-15T22:28:28.200" /><!-- duration: 8ms -->
            </step><!-- duration: 45438ms -->
          </step><!-- duration: 45607ms -->
          <step title="Cleaning up temp files" date="2025-12-15T22:28:29.191" /><!-- duration: 5ms -->
          <step title="Cleaning up temp files" date="2025-12-15T22:28:29.200" /><!-- duration: 506ms -->
          <step title="Reloading status file with latest updates" date="2025-12-15T22:28:29.782" >
            <step title="WebHooksManager.PublishEventAsync: PostDeployment" date="2025-12-15T22:28:29.791" /><!-- duration: 50ms -->
          </step><!-- duration: 62ms -->
          <step title="Cleaning up temporary deployment - fetch deployment was successful" date="2025-12-15T22:28:29.848" /><!-- duration: 3ms -->
        </step><!-- duration: 46447ms -->
      </step><!-- duration: 48002ms -->
