<step title="BackgroundTrace" date="2025-12-16T15:48:48.357" instance="dcab14" url="/api/zipdeploy" method="POST" >
  <step title="Creating temporary deployment - FetchDeploymentManager" date="2025-12-16T15:48:48.401" /><!-- duration: 2ms -->
  <step title="Creating temporary deployment" date="2025-12-16T15:48:48.407" /><!-- duration: 64ms -->
  <step title="Performing fetch based deployment" date="2025-12-16T15:48:48.501" >
    <step title="Cleaning up temp folders from previous zip deployments and extracting pushed zip file /tmp/zipdeploy/4646a872-48f6-4077-a0bb-1b4751775ab9.zip (100.87 MB) to /tmp/zipdeploy/extracted" date="2025-12-16T15:48:49.636" >
      <step title="ChmodRecursive Process exited with total time taken in ms: 101" date="2025-12-16T15:48:51.955" /><!-- duration: 3ms -->
    </step><!-- duration: 2324ms -->
    <step title="Deployment timer started" date="2025-12-16T15:48:53.967" >
      <step title="DeploymentManager.Deploy(id:60fe7ebd-c9c8-4e33-bb4f-5d51985c305c)" date="2025-12-16T15:48:53.978" >
        <step title="Collecting changeset information" date="2025-12-16T15:48:53.988" /><!-- duration: 88ms -->
        <step title="Updating submodules" date="2025-12-16T15:48:54.081" /><!-- duration: 1148ms -->
        <step title="Determining deployment builder" date="2025-12-16T15:48:55.692" >
          <step title="Builder is BasicBuilder" date="2025-12-16T15:48:55.700" /><!-- duration: 2ms -->
        </step><!-- duration: 18ms -->
        <step title="PreDeployment: context.CleanOutputPath False" date="2025-12-16T15:48:55.763" >
          <step title="PreDeployment: context.OutputPath /home/site/wwwroot" date="2025-12-16T15:48:55.887" >
            <step title="Building" date="2025-12-16T15:48:56.027" >
              <step title="Executing external process" date="2025-12-16T15:48:56.530" type="process" path="starter.sh" arguments="/opt/Kudu/Scripts/absoluteTar.sh /tmp/zipdeploy/extracted/node_modules /tmp/zipdeploy/extracted/node_modules.tar.gz" /><!-- duration: 5302ms -->
              <step title="Executing external process" date="2025-12-16T15:49:02.040" type="process" path="starter.sh" arguments="/opt/Kudu/Scripts/parallel_rsync.sh /tmp/zipdeploy/extracted /home/site/wwwroot 8 /tmp/ False True node_modules " /><!-- duration: 7538ms -->
              <step title="Triggering recycle (preview mode disabled)." date="2025-12-16T15:49:10.216" /><!-- duration: 11ms -->
              <step title="Modified file to trigger a restart of the app container." date="2025-12-16T15:49:10.251" /><!-- duration: 3ms -->
              <step title="Skip function trigger and logicapp sync because function is not enabled." date="2025-12-16T15:49:10.258" /><!-- duration: 3ms -->
              <step title="Purge deployment items" date="2025-12-16T15:49:11.332" >
                <step title="Remove c24313cd-, Success, received at 12/15/2025 22:44:33" date="2025-12-16T15:49:11.386" /><!-- duration: 2ms -->
              </step><!-- duration: 62ms -->
            </step><!-- duration: 15435ms -->
          </step><!-- duration: 15580ms -->
          <step title="Cleaning up temp files" date="2025-12-16T15:49:11.470" /><!-- duration: 4ms -->
          <step title="Cleaning up temp files" date="2025-12-16T15:49:11.477" /><!-- duration: 506ms -->
          <step title="Reloading status file with latest updates" date="2025-12-16T15:49:12.027" >
            <step title="WebHooksManager.PublishEventAsync: PostDeployment" date="2025-12-16T15:49:12.031" /><!-- duration: 23ms -->
          </step><!-- duration: 30ms -->
          <step title="Cleaning up temporary deployment - fetch deployment was successful" date="2025-12-16T15:49:12.066" /><!-- duration: 3ms -->
        </step><!-- duration: 16381ms -->
      </step><!-- duration: 18179ms -->
