<step title="Incoming Request" date="2025-12-16T23:46:48.535" instance="dcab14" url="/api/deployments/latest?deployer=GITHUB_ZIP_DEPLOY&amp;time=2025-12-16_23-46-30Z" method="GET" type="request" pid="831,1,33" Host="aimediatank-azure.scm.azurewebsites.net" User-Agent="GITHUBACTIONS_DeployWebAppToAzure_d1b8f4feedacd7ce0abd0c7ccc364eba2b4832a1f79de51adaff15331b99d3be" Authorization="Bas..." Content-Type="application/json; charset=utf-8" Cookie="ARRAffinity=dcab14bc307e8b893ae539209e80d9347a445e97a63340276c4a56c9e08559da;Path=/;HttpOnly;Secure;Domain=aimediatank-azure.scm.azurewebsites.net; ARRAffinitySameSite=dcab14bc307e8b893ae539209e80d9347a445e97a63340276c4a56c9e08559da;Path=/;HttpOnly;SameSite=None;Secure;Domain=aimediatank-azure.scm.azurewebsites.net" Content-Length="0" X-ARR-LOG-ID="0a0c0849-b568-4bba-9821-d1de8ff744b3" CLIENT-IP="172.182.195.37:36865" X-SITE-DEPLOYMENT-ID="aimediatank-azure" WAS-DEFAULT-HOSTNAME="aimediatank-azure.scm.azurewebsites.net" X-Forwarded-Proto="https" X-AppService-Proto="https" X-Forwarded-TlsVersion="1.3" X-WAWS-Unencoded-URL="/api/deployments/latest?deployer=GITHUB_ZIP_DEPLOY&amp;time=2025-12-16_23-46-30Z" X-Client-IP="172.182.195.37" X-Client-Port="36865" >
  <step title="Cleanup Xml Logs" date="2025-12-16T23:46:48.537" >
    <step title="Cleanup Infos" date="2025-12-16T23:46:48.552" totalFiles="224" totalCleanup="64" /><!-- duration: 6ms -->
  </step><!-- duration: 23ms -->
  <step title="DeploymentService.GetResult" date="2025-12-16T23:46:48.578" >
    <step title="DeploymentService.GetLatestDeployment" date="2025-12-16T23:46:48.587" >
      <step title="DeploymentManager.GetResults" date="2025-12-16T23:46:48.591" /><!-- duration: 1364ms -->
    </step><!-- duration: 1379ms -->
  </step><!-- duration: 1392ms -->
  <step title="Outgoing response" date="2025-12-16T23:46:49.974" type="response" statusCode="202" statusText="Accepted" /><!-- duration: 9ms -->
</step><!-- duration: 1457ms -->
