<step title="BackgroundTrace" date="2025-12-15T22:20:21.174" instance="dcab14" url="/api/zipdeploy" method="POST" >
  <step title="Creating temporary deployment - FetchDeploymentManager" date="2025-12-15T22:20:21.234" /><!-- duration: 2ms -->
  <step title="Creating temporary deployment" date="2025-12-15T22:20:21.239" /><!-- duration: 41ms -->
  <step title="Performing fetch based deployment" date="2025-12-15T22:20:21.445" >
    <step title="Cleaning up temp folders from previous zip deployments and extracting pushed zip file /tmp/zipdeploy/3d53d689-d3e5-482e-bf46-615cb2b24621.zip (158.96 MB) to /tmp/zipdeploy/extracted" date="2025-12-15T22:20:22.588" >
      <step title="ChmodRecursive Process exited with total time taken in ms: 184" date="2025-12-15T22:20:27.120" /><!-- duration: 6ms -->
    </step><!-- duration: 4543ms -->
    <step title="Deployment timer started" date="2025-12-15T22:20:29.137" >
      <step title="DeploymentManager.Deploy(id:1bb5d5da-045a-4cb7-8f46-a9a25e135751)" date="2025-12-15T22:20:29.143" >
        <step title="Collecting changeset information" date="2025-12-15T22:20:29.160" /><!-- duration: 79ms -->
        <step title="Updating submodules" date="2025-12-15T22:20:29.245" /><!-- duration: 1131ms -->
        <step title="Determining deployment builder" date="2025-12-15T22:20:30.586" >
          <step title="Builder is BasicBuilder" date="2025-12-15T22:20:30.593" /><!-- duration: 3ms -->
        </step><!-- duration: 16ms -->
        <step title="PreDeployment: context.CleanOutputPath False" date="2025-12-15T22:20:30.651" >
          <step title="PreDeployment: context.OutputPath /home/site/wwwroot" date="2025-12-15T22:20:30.768" >
            <step title="Building" date="2025-12-15T22:20:30.914" >
              <step title="Executing external process" date="2025-12-15T22:20:31.495" type="process" path="starter.sh" arguments="/opt/Kudu/Scripts/absoluteTar.sh /tmp/zipdeploy/extracted/node_modules /tmp/zipdeploy/extracted/node_modules.tar.gz" /><!-- duration: 5542ms -->
              <step title="Executing external process" date="2025-12-15T22:20:37.268" type="process" path="starter.sh" arguments="/opt/Kudu/Scripts/parallel_rsync.sh /tmp/zipdeploy/extracted /home/site/wwwroot 8 /tmp/ False True node_modules " /><!-- duration: 36146ms -->
              <step title="Triggering recycle (preview mode disabled)." date="2025-12-15T22:21:14.048" /><!-- duration: 3ms -->
              <step title="Modified file to trigger a restart of the app container." date="2025-12-15T22:21:14.077" /><!-- duration: 3ms -->
              <step title="Skip function trigger and logicapp sync because function is not enabled." date="2025-12-15T22:21:14.083" /><!-- duration: 7ms -->
            </step><!-- duration: 44286ms -->
          </step><!-- duration: 44442ms -->
          <step title="Cleaning up temp files" date="2025-12-15T22:21:15.232" /><!-- duration: 5ms -->
          <step title="Cleaning up temp files" date="2025-12-15T22:21:15.241" /><!-- duration: 509ms -->
          <step title="Reloading status file with latest updates" date="2025-12-15T22:21:15.793" >
            <step title="WebHooksManager.PublishEventAsync: PostDeployment" date="2025-12-15T22:21:15.800" /><!-- duration: 28ms -->
          </step><!-- duration: 38ms -->
          <step title="Cleaning up temporary deployment - fetch deployment was successful" date="2025-12-15T22:21:15.835" /><!-- duration: 3ms -->
        </step><!-- duration: 45256ms -->
      </step><!-- duration: 46779ms -->
