<step title="Incoming Request" date="2025-12-17T00:22:53.582" instance="dcab14" url="/api/deployments/latest?deployer=GITHUB_ZIP_DEPLOY&amp;time=2025-12-17_00-22-47Z" method="GET" type="request" pid="831,1,40" Host="aimediatank-azure.scm.azurewebsites.net" User-Agent="GITHUBACTIONS_DeployWebAppToAzure_d1b8f4feedacd7ce0abd0c7ccc364eba2b4832a1f79de51adaff15331b99d3be" Authorization="Bas..." Content-Type="application/json; charset=utf-8" Cookie="ARRAffinity=dcab14bc307e8b893ae539209e80d9347a445e97a63340276c4a56c9e08559da;Path=/;HttpOnly;Secure;Domain=aimediatank-azure.scm.azurewebsites.net; ARRAffinitySameSite=dcab14bc307e8b893ae539209e80d9347a445e97a63340276c4a56c9e08559da;Path=/;HttpOnly;SameSite=None;Secure;Domain=aimediatank-azure.scm.azurewebsites.net" Content-Length="0" X-ARR-LOG-ID="f047c116-c302-42c3-bf49-5b4a78173300" CLIENT-IP="52.161.69.161:63361" X-SITE-DEPLOYMENT-ID="aimediatank-azure" WAS-DEFAULT-HOSTNAME="aimediatank-azure.scm.azurewebsites.net" X-Forwarded-Proto="https" X-AppService-Proto="https" X-Forwarded-TlsVersion="1.3" X-WAWS-Unencoded-URL="/api/deployments/latest?deployer=GITHUB_ZIP_DEPLOY&amp;time=2025-12-17_00-22-47Z" X-Client-IP="52.161.69.161" X-Client-Port="63361" >
  <step title="Cleanup Xml Logs" date="2025-12-17T00:22:53.585" >
    <step title="Cleanup Infos" date="2025-12-17T00:22:53.599" totalFiles="240" totalCleanup="80" /><!-- duration: 5ms -->
  </step><!-- duration: 22ms -->
  <step title="DeploymentService.GetResult" date="2025-12-17T00:22:53.618" >
    <step title="DeploymentService.GetLatestDeployment" date="2025-12-17T00:22:53.620" >
      <step title="DeploymentManager.GetResults" date="2025-12-17T00:22:53.623" /><!-- duration: 553ms -->
    </step><!-- duration: 559ms -->
  </step><!-- duration: 566ms -->
  <step title="Outgoing response" date="2025-12-17T00:22:54.189" type="response" statusCode="202" statusText="Accepted" /><!-- duration: 2ms -->
</step><!-- duration: 613ms -->
