<step title="BackgroundTrace" date="2025-12-15T23:59:03.839" instance="dcab14" url="/api/zipdeploy" method="POST" >
  <step title="Creating temporary deployment - FetchDeploymentManager" date="2025-12-15T23:59:03.916" /><!-- duration: 2ms -->
  <step title="Creating temporary deployment" date="2025-12-15T23:59:03.921" /><!-- duration: 69ms -->
  <step title="Performing fetch based deployment" date="2025-12-15T23:59:04.111" >
    <step title="Cleaning up temp folders from previous zip deployments and extracting pushed zip file /tmp/zipdeploy/190384fc-74bf-4813-bf33-2292bfde8442.zip (100.87 MB) to /tmp/zipdeploy/extracted" date="2025-12-15T23:59:05.659" >
      <step title="ChmodRecursive Process exited with total time taken in ms: 372" date="2025-12-15T23:59:09.977" /><!-- duration: 14ms -->
    </step><!-- duration: 4342ms -->
    <step title="Deployment timer started" date="2025-12-15T23:59:12.025" >
      <step title="DeploymentManager.Deploy(id:2204d3ae-5708-4e15-a249-b9239d35cb7c)" date="2025-12-15T23:59:12.031" >
        <step title="Collecting changeset information" date="2025-12-15T23:59:12.048" /><!-- duration: 151ms -->
        <step title="Updating submodules" date="2025-12-15T23:59:12.205" /><!-- duration: 1416ms -->
        <step title="Determining deployment builder" date="2025-12-15T23:59:14.258" >
          <step title="Builder is BasicBuilder" date="2025-12-15T23:59:14.292" /><!-- duration: 10ms -->
        </step><!-- duration: 49ms -->
        <step title="PreDeployment: context.CleanOutputPath False" date="2025-12-15T23:59:14.443" >
          <step title="PreDeployment: context.OutputPath /home/site/wwwroot" date="2025-12-15T23:59:14.675" >
            <step title="Building" date="2025-12-15T23:59:15.043" >
              <step title="Executing external process" date="2025-12-15T23:59:16.572" type="process" path="starter.sh" arguments="/opt/Kudu/Scripts/absoluteTar.sh /tmp/zipdeploy/extracted/node_modules /tmp/zipdeploy/extracted/node_modules.tar.gz" /><!-- duration: 9887ms -->
              <step title="Executing external process" date="2025-12-15T23:59:27.084" type="process" path="starter.sh" arguments="/opt/Kudu/Scripts/parallel_rsync.sh /tmp/zipdeploy/extracted /home/site/wwwroot 8 /tmp/ False True node_modules " /><!-- duration: 15459ms -->
              <step title="Triggering recycle (preview mode disabled)." date="2025-12-15T23:59:43.262" /><!-- duration: 9ms -->
              <step title="Modified file to trigger a restart of the app container." date="2025-12-15T23:59:43.338" /><!-- duration: 27ms -->
              <step title="Skip function trigger and logicapp sync because function is not enabled." date="2025-12-15T23:59:43.391" /><!-- duration: 5ms -->
              <step title="Purge deployment items" date="2025-12-15T23:59:45.017" >
                <step title="Remove temp-66fd, Failed, received at 12/15/2025 23:59:03" date="2025-12-15T23:59:45.192" /><!-- duration: 20ms -->
                <step title="Remove 2e89d62a-, Success, received at 12/15/2025 19:32:00" date="2025-12-15T23:59:45.385" /><!-- duration: 10ms -->
              </step><!-- duration: 408ms -->
            </step><!-- duration: 30543ms -->
          </step><!-- duration: 30921ms -->
          <step title="Cleaning up temp files" date="2025-12-15T23:59:45.604" /><!-- duration: 19ms -->
          <step title="Cleaning up temp files" date="2025-12-15T23:59:45.641" /><!-- duration: 547ms -->
          <step title="Reloading status file with latest updates" date="2025-12-15T23:59:46.442" >
            <step title="WebHooksManager.PublishEventAsync: PostDeployment" date="2025-12-15T23:59:46.469" /><!-- duration: 206ms -->
          </step><!-- duration: 235ms -->
          <step title="Cleaning up temporary deployment - fetch deployment was successful" date="2025-12-15T23:59:46.687" /><!-- duration: 8ms -->
        </step><!-- duration: 32452ms -->
      </step><!-- duration: 34904ms -->
