<step title="BackgroundTrace" date="2025-12-15T22:44:25.150" instance="dcab14" url="/api/zipdeploy" method="POST" >
  <step title="Cleanup Xml Logs" date="2025-12-15T22:44:25.152" /><!-- duration: 8ms -->
  <step title="Creating temporary deployment - FetchDeploymentManager" date="2025-12-15T22:44:25.228" /><!-- duration: 3ms -->
  <step title="Creating temporary deployment" date="2025-12-15T22:44:25.235" /><!-- duration: 65ms -->
  <step title="Performing fetch based deployment" date="2025-12-15T22:44:25.343" >
    <step title="Cleaning up temp folders from previous zip deployments and extracting pushed zip file /tmp/zipdeploy/c6694dee-57c8-43d3-a090-e547a8bb4fc9.zip (158.96 MB) to /tmp/zipdeploy/extracted" date="2025-12-15T22:44:26.539" >
      <step title="ChmodRecursive Process exited with total time taken in ms: 178" date="2025-12-15T22:44:31.466" /><!-- duration: 8ms -->
    </step><!-- duration: 4940ms -->
    <step title="Deployment timer started" date="2025-12-15T22:44:33.490" >
      <step title="DeploymentManager.Deploy(id:c24313cd-2965-4f49-a8a1-82563d3c1c85)" date="2025-12-15T22:44:33.493" >
        <step title="Collecting changeset information" date="2025-12-15T22:44:33.505" /><!-- duration: 159ms -->
        <step title="Updating submodules" date="2025-12-15T22:44:33.671" /><!-- duration: 1171ms -->
        <step title="Determining deployment builder" date="2025-12-15T22:44:35.099" >
          <step title="Builder is BasicBuilder" date="2025-12-15T22:44:35.120" /><!-- duration: 8ms -->
        </step><!-- duration: 38ms -->
        <step title="PreDeployment: context.CleanOutputPath False" date="2025-12-15T22:44:35.202" >
          <step title="PreDeployment: context.OutputPath /home/site/wwwroot" date="2025-12-15T22:44:35.352" >
            <step title="Building" date="2025-12-15T22:44:35.572" >
              <step title="Executing external process" date="2025-12-15T22:44:36.312" type="process" path="starter.sh" arguments="/opt/Kudu/Scripts/absoluteTar.sh /tmp/zipdeploy/extracted/node_modules /tmp/zipdeploy/extracted/node_modules.tar.gz" /><!-- duration: 5354ms -->
              <step title="Executing external process" date="2025-12-15T22:44:41.942" type="process" path="starter.sh" arguments="/opt/Kudu/Scripts/parallel_rsync.sh /tmp/zipdeploy/extracted /home/site/wwwroot 8 /tmp/ False True node_modules " /><!-- duration: 39254ms -->
              <step title="Triggering recycle (preview mode disabled)." date="2025-12-15T22:45:22.297" /><!-- duration: 4ms -->
              <step title="Modified file to trigger a restart of the app container." date="2025-12-15T22:45:22.325" /><!-- duration: 3ms -->
              <step title="Skip function trigger and logicapp sync because function is not enabled." date="2025-12-15T22:45:22.336" /><!-- duration: 3ms -->
            </step><!-- duration: 48074ms -->
          </step><!-- duration: 48301ms -->
          <step title="Cleaning up temp files" date="2025-12-15T22:45:23.657" /><!-- duration: 5ms -->
          <step title="Cleaning up temp files" date="2025-12-15T22:45:23.668" /><!-- duration: 508ms -->
          <step title="Reloading status file with latest updates" date="2025-12-15T22:45:24.279" >
            <step title="WebHooksManager.PublishEventAsync: PostDeployment" date="2025-12-15T22:45:24.283" /><!-- duration: 56ms -->
          </step><!-- duration: 63ms -->
          <step title="Cleaning up temporary deployment - fetch deployment was successful" date="2025-12-15T22:45:24.352" /><!-- duration: 27ms -->
        </step><!-- duration: 49244ms -->
      </step><!-- duration: 50967ms -->
