<step title="Incoming Request" date="2025-12-16T23:46:42.370" instance="dcab14" url="/api/deployments/latest?deployer=GITHUB_ZIP_DEPLOY&amp;time=2025-12-16_23-46-30Z" method="GET" type="request" pid="831,1,33" Host="aimediatank-azure.scm.azurewebsites.net" User-Agent="GITHUBACTIONS_DeployWebAppToAzure_d1b8f4feedacd7ce0abd0c7ccc364eba2b4832a1f79de51adaff15331b99d3be" Authorization="Bas..." Content-Type="application/json; charset=utf-8" Cookie="ARRAffinity=dcab14bc307e8b893ae539209e80d9347a445e97a63340276c4a56c9e08559da;Path=/;HttpOnly;Secure;Domain=aimediatank-azure.scm.azurewebsites.net; ARRAffinitySameSite=dcab14bc307e8b893ae539209e80d9347a445e97a63340276c4a56c9e08559da;Path=/;HttpOnly;SameSite=None;Secure;Domain=aimediatank-azure.scm.azurewebsites.net" Content-Length="0" X-ARR-LOG-ID="3aacb161-671a-4a9d-9aa8-b3f1afbe5a60" CLIENT-IP="172.182.195.37:36864" X-SITE-DEPLOYMENT-ID="aimediatank-azure" WAS-DEFAULT-HOSTNAME="aimediatank-azure.scm.azurewebsites.net" X-Forwarded-Proto="https" X-AppService-Proto="https" X-Forwarded-TlsVersion="1.3" X-WAWS-Unencoded-URL="/api/deployments/latest?deployer=GITHUB_ZIP_DEPLOY&amp;time=2025-12-16_23-46-30Z" X-Client-IP="172.182.195.37" X-Client-Port="36864" >
  <step title="Cleanup Xml Logs" date="2025-12-16T23:46:42.373" >
    <step title="Cleanup Infos" date="2025-12-16T23:46:42.381" totalFiles="223" totalCleanup="63" /><!-- duration: 5ms -->
  </step><!-- duration: 17ms -->
  <step title="DeploymentService.GetResult" date="2025-12-16T23:46:42.412" >
    <step title="DeploymentService.GetLatestDeployment" date="2025-12-16T23:46:42.423" >
      <step title="DeploymentManager.GetResults" date="2025-12-16T23:46:42.430" /><!-- duration: 725ms -->
    </step><!-- duration: 736ms -->
  </step><!-- duration: 751ms -->
  <step title="Outgoing response" date="2025-12-16T23:46:43.171" type="response" statusCode="202" statusText="Accepted" /><!-- duration: 9ms -->
</step><!-- duration: 817ms -->
