<step title="Incoming Request" date="2025-12-16T15:08:26.088" instance="dcab14" url="/api/zipdeploy?isAsync=true&amp;deployer=GITHUB_ZIP_DEPLOY&amp;message=%7B%22type%22%3A%22deployment%22%2C%22sha%22%3A%22fefed7e1f410b59cd45e5a51b8a601b43149e882%22%2C%22repoName%22%3A%22chongcho%2Faimediatank-azure%22%2C%22actor%22%3A%22chongcho%22%2C%22slotName%22%3A%22production%22%2C%22commitMessage%22%3A%22Change%20Location%20field%20to%20country%20selector%20dropdown%22%7D" method="POST" type="request" pid="833,1,22" Host="aimediatank-azure.scm.azurewebsites.net" User-Agent="GITHUBACTIONS_DeployWebAppToAzure_d1b8f4feedacd7ce0abd0c7ccc364eba2b4832a1f79de51adaff15331b99d3be" Authorization="Bas..." Content-Type="application/octet-stream" Cookie="ARRAffinity=dcab14bc307e8b893ae539209e80d9347a445e97a63340276c4a56c9e08559da;Path=/;HttpOnly;Secure;Domain=aimediatank-azure.scm.azurewebsites.net; ARRAffinitySameSite=dcab14bc307e8b893ae539209e80d9347a445e97a63340276c4a56c9e08559da;Path=/;HttpOnly;SameSite=None;Secure;Domain=aimediatank-azure.scm.azurewebsites.net" Transfer-Encoding="chunked" X-ARR-LOG-ID="404e5a76-f817-4585-af4c-60640e3b702f" CLIENT-IP="172.182.226.218:1104" X-SITE-DEPLOYMENT-ID="aimediatank-azure" WAS-DEFAULT-HOSTNAME="aimediatank-azure.scm.azurewebsites.net" X-Forwarded-Proto="https" X-AppService-Proto="https" X-Forwarded-TlsVersion="1.3" X-WAWS-Unencoded-URL="/api/zipdeploy?isAsync=true&amp;deployer=GITHUB_ZIP_DEPLOY&amp;message=%7B%22type%22%3A%22deployment%22%2C%22sha%22%3A%22fefed7e1f410b59cd45e5a51b8a601b43149e882%22%2C%22repoName%22%3A%22chongcho%2Faimediatank-azure%22%2C%22actor%22%3A%22chongcho%22%2C%22slotName%22%3A%22production%22%2C%22commitMessage%22%3A%22Change%20Location%20field%20to%20country%20selector%20dropdown%22%7D" X-Client-IP="172.182.226.218" X-Client-Port="1104" >
  <step title="Cleanup Xml Logs" date="2025-12-16T15:08:26.094" /><!-- duration: 9ms -->
  <step title="ZipPushDeploy" date="2025-12-16T15:08:26.114" >
    <step title="ZipDeploy. Extract zip." date="2025-12-16T15:08:26.119" /><!-- duration: 3ms -->
    <step title="Starting PushDeployAsync" date="2025-12-16T15:08:26.127" /><!-- duration: 3ms -->
    <step title="Removing node_modules symlink" date="2025-12-16T15:08:26.138" >
      <step title="Writing artifact to /tmp/zipdeploy/20482b13-aa97-4648-a37d-9f3b4f13db0e.zip" date="2025-12-16T15:08:26.171" >
        <step title="Writing multipart request body to /tmp/zipdeploy/20482b13-aa97-4648-a37d-9f3b4f13db0e.zip" date="2025-12-16T15:08:26.174" /><!-- duration: 3ms -->
      </step><!-- duration: 1907ms -->
      <step title="Removing previous build artifact&apos;s manifest file" date="2025-12-16T15:08:28.089" >
        <step title="Start deployment in the background" date="2025-12-16T15:08:28.103" >
          <step title="Acquiring Deployment Lock" date="2025-12-16T15:08:28.114" /><!-- duration: 3ms -->
          <step title="Acquired Deployment Lock" date="2025-12-16T15:08:28.151" /><!-- duration: 3ms -->
        </step><!-- duration: 115ms -->
      </step><!-- duration: 134ms -->
      <step title="Outgoing response" date="2025-12-16T15:08:28.233" type="response" statusCode="202" statusText="Accepted" /><!-- duration: 3ms -->
    </step><!-- duration: 2100ms -->
