<step title="Incoming Request" date="2025-12-17T01:39:01.319" instance="dcab14" url="/api/deployments/latest?deployer=GITHUB_ZIP_DEPLOY&amp;time=2025-12-17_01-38-49Z" method="GET" type="request" pid="831,1,19" Host="aimediatank-azure.scm.azurewebsites.net" User-Agent="GITHUBACTIONS_DeployWebAppToAzure_d1b8f4feedacd7ce0abd0c7ccc364eba2b4832a1f79de51adaff15331b99d3be" Authorization="Bas..." Content-Type="application/json; charset=utf-8" Cookie="ARRAffinity=dcab14bc307e8b893ae539209e80d9347a445e97a63340276c4a56c9e08559da;Path=/;HttpOnly;Secure;Domain=aimediatank-azure.scm.azurewebsites.net; ARRAffinitySameSite=dcab14bc307e8b893ae539209e80d9347a445e97a63340276c4a56c9e08559da;Path=/;HttpOnly;SameSite=None;Secure;Domain=aimediatank-azure.scm.azurewebsites.net" Content-Length="0" X-ARR-LOG-ID="389a800a-c4f3-4e46-930c-648140c5d7f5" CLIENT-IP="172.208.152.213:5152" X-SITE-DEPLOYMENT-ID="aimediatank-azure" WAS-DEFAULT-HOSTNAME="aimediatank-azure.scm.azurewebsites.net" X-Forwarded-Proto="https" X-AppService-Proto="https" X-Forwarded-TlsVersion="1.3" X-WAWS-Unencoded-URL="/api/deployments/latest?deployer=GITHUB_ZIP_DEPLOY&amp;time=2025-12-17_01-38-49Z" X-Client-IP="172.208.152.213" X-Client-Port="5152" >
  <step title="Cleanup Xml Logs" date="2025-12-17T01:39:01.321" >
    <step title="Cleanup Infos" date="2025-12-17T01:39:01.329" totalFiles="261" totalCleanup="101" /><!-- duration: 4ms -->
  </step><!-- duration: 15ms -->
  <step title="DeploymentService.GetResult" date="2025-12-17T01:39:01.358" >
    <step title="DeploymentService.GetLatestDeployment" date="2025-12-17T01:39:01.361" >
      <step title="DeploymentManager.GetResults" date="2025-12-17T01:39:01.364" /><!-- duration: 865ms -->
    </step><!-- duration: 878ms -->
  </step><!-- duration: 889ms -->
  <step title="Outgoing response" date="2025-12-17T01:39:02.295" type="response" statusCode="202" statusText="Accepted" /><!-- duration: 8ms -->
</step><!-- duration: 994ms -->
