<step title="BackgroundTrace" date="2025-12-17T01:38:48.875" instance="dcab14" url="/api/zipdeploy" method="POST" >
  <step title="Cleanup Xml Logs" date="2025-12-17T01:38:48.885" >
    <step title="Cleanup Infos" date="2025-12-17T01:38:48.895" totalFiles="258" totalCleanup="98" /><!-- duration: 6ms -->
  </step><!-- duration: 20ms -->
  <step title="Creating temporary deployment - FetchDeploymentManager" date="2025-12-17T01:38:49.002" /><!-- duration: 3ms -->
  <step title="Creating temporary deployment" date="2025-12-17T01:38:49.011" /><!-- duration: 62ms -->
  <step title="Performing fetch based deployment" date="2025-12-17T01:38:49.129" >
    <step title="Cleaning up temp folders from previous zip deployments and extracting pushed zip file /tmp/zipdeploy/4795d092-063c-43ea-964f-1c7196cbe125.zip (100.88 MB) to /tmp/zipdeploy/extracted" date="2025-12-17T01:38:50.331" >
      <step title="ChmodRecursive Process exited with total time taken in ms: 104" date="2025-12-17T01:38:53.033" /><!-- duration: 5ms -->
    </step><!-- duration: 2712ms -->
    <step title="Deployment timer started" date="2025-12-17T01:38:55.098" >
      <step title="DeploymentManager.Deploy(id:6eb39965-bd39-4b5d-a8f8-45dd21b6e1de)" date="2025-12-17T01:38:55.175" >
        <step title="Collecting changeset information" date="2025-12-17T01:38:55.240" /><!-- duration: 123ms -->
        <step title="Updating submodules" date="2025-12-17T01:38:55.374" /><!-- duration: 1169ms -->
        <step title="Determining deployment builder" date="2025-12-17T01:38:56.756" >
          <step title="Builder is BasicBuilder" date="2025-12-17T01:38:56.768" /><!-- duration: 8ms -->
        </step><!-- duration: 24ms -->
        <step title="PreDeployment: context.CleanOutputPath False" date="2025-12-17T01:38:56.836" >
          <step title="PreDeployment: context.OutputPath /home/site/wwwroot" date="2025-12-17T01:38:56.964" >
            <step title="Building" date="2025-12-17T01:38:57.138" >
              <step title="Executing external process" date="2025-12-17T01:38:57.726" type="process" path="starter.sh" arguments="/opt/Kudu/Scripts/absoluteTar.sh /tmp/zipdeploy/extracted/node_modules /tmp/zipdeploy/extracted/node_modules.tar.gz" /><!-- duration: 5581ms -->
              <step title="Executing external process" date="2025-12-17T01:39:03.653" type="process" path="starter.sh" arguments="/opt/Kudu/Scripts/parallel_rsync.sh /tmp/zipdeploy/extracted /home/site/wwwroot 8 /tmp/ False True node_modules " /><!-- duration: 7962ms -->
              <step title="Triggering recycle (preview mode disabled)." date="2025-12-17T01:39:12.382" /><!-- duration: 3ms -->
              <step title="Modified file to trigger a restart of the app container." date="2025-12-17T01:39:12.405" /><!-- duration: 3ms -->
              <step title="Skip function trigger and logicapp sync because function is not enabled." date="2025-12-17T01:39:12.413" /><!-- duration: 9ms -->
              <step title="Purge deployment items" date="2025-12-17T01:39:14.128" >
                <step title="Remove 2204d3ae-, Success, received at 12/15/2025 23:59:12" date="2025-12-17T01:39:14.200" /><!-- duration: 2ms -->
              </step><!-- duration: 111ms -->
            </step><!-- duration: 17193ms -->
          </step><!-- duration: 17372ms -->
          <step title="Cleaning up temp files" date="2025-12-17T01:39:14.338" /><!-- duration: 5ms -->
          <step title="Cleaning up temp files" date="2025-12-17T01:39:14.352" /><!-- duration: 513ms -->
          <step title="Reloading status file with latest updates" date="2025-12-17T01:39:14.915" >
            <step title="WebHooksManager.PublishEventAsync: PostDeployment" date="2025-12-17T01:39:14.919" /><!-- duration: 55ms -->
          </step><!-- duration: 61ms -->
          <step title="Cleaning up temporary deployment - fetch deployment was successful" date="2025-12-17T01:39:14.981" /><!-- duration: 3ms -->
        </step><!-- duration: 18215ms -->
      </step><!-- duration: 19893ms -->
