<step title="Incoming Request" date="2025-12-16T23:46:36.432" instance="dcab14" url="/api/deployments/latest?deployer=GITHUB_ZIP_DEPLOY&amp;time=2025-12-16_23-46-30Z" method="GET" type="request" pid="831,1,33" Host="aimediatank-azure.scm.azurewebsites.net" User-Agent="GITHUBACTIONS_DeployWebAppToAzure_d1b8f4feedacd7ce0abd0c7ccc364eba2b4832a1f79de51adaff15331b99d3be" Authorization="Bas..." Content-Type="application/json; charset=utf-8" Cookie="ARRAffinity=dcab14bc307e8b893ae539209e80d9347a445e97a63340276c4a56c9e08559da;Path=/;HttpOnly;Secure;Domain=aimediatank-azure.scm.azurewebsites.net; ARRAffinitySameSite=dcab14bc307e8b893ae539209e80d9347a445e97a63340276c4a56c9e08559da;Path=/;HttpOnly;SameSite=None;Secure;Domain=aimediatank-azure.scm.azurewebsites.net" Content-Length="0" X-ARR-LOG-ID="8f94947b-76c8-44a1-9855-18f365af703a" CLIENT-IP="172.182.195.37:36865" X-SITE-DEPLOYMENT-ID="aimediatank-azure" WAS-DEFAULT-HOSTNAME="aimediatank-azure.scm.azurewebsites.net" X-Forwarded-Proto="https" X-AppService-Proto="https" X-Forwarded-TlsVersion="1.3" X-WAWS-Unencoded-URL="/api/deployments/latest?deployer=GITHUB_ZIP_DEPLOY&amp;time=2025-12-16_23-46-30Z" X-Client-IP="172.182.195.37" X-Client-Port="36865" >
  <step title="Cleanup Xml Logs" date="2025-12-16T23:46:36.437" >
    <step title="Cleanup Infos" date="2025-12-16T23:46:36.465" totalFiles="222" totalCleanup="62" /><!-- duration: 4ms -->
  </step><!-- duration: 35ms -->
  <step title="DeploymentService.GetResult" date="2025-12-16T23:46:36.489" >
    <step title="DeploymentService.GetLatestDeployment" date="2025-12-16T23:46:36.492" >
      <step title="DeploymentManager.GetResults" date="2025-12-16T23:46:36.496" /><!-- duration: 656ms -->
    </step><!-- duration: 671ms -->
  </step><!-- duration: 684ms -->
  <step title="Outgoing response" date="2025-12-16T23:46:37.181" type="response" statusCode="202" statusText="Accepted" /><!-- duration: 4ms -->
</step><!-- duration: 755ms -->
