<step title="Incoming Request" date="2025-12-16T15:49:00.609" instance="dcab14" url="/api/deployments/latest?deployer=GITHUB_ZIP_DEPLOY&amp;time=2025-12-16_15-48-48Z" method="GET" type="request" pid="833,1,27" Host="aimediatank-azure.scm.azurewebsites.net" User-Agent="GITHUBACTIONS_DeployWebAppToAzure_d1b8f4feedacd7ce0abd0c7ccc364eba2b4832a1f79de51adaff15331b99d3be" Authorization="Bas..." Content-Type="application/json; charset=utf-8" Cookie="ARRAffinity=dcab14bc307e8b893ae539209e80d9347a445e97a63340276c4a56c9e08559da;Path=/;HttpOnly;Secure;Domain=aimediatank-azure.scm.azurewebsites.net; ARRAffinitySameSite=dcab14bc307e8b893ae539209e80d9347a445e97a63340276c4a56c9e08559da;Path=/;HttpOnly;SameSite=None;Secure;Domain=aimediatank-azure.scm.azurewebsites.net" Content-Length="0" X-ARR-LOG-ID="c92ac4a1-a060-46b2-aff9-1da1b42e369c" CLIENT-IP="52.242.243.101:53376" X-SITE-DEPLOYMENT-ID="aimediatank-azure" WAS-DEFAULT-HOSTNAME="aimediatank-azure.scm.azurewebsites.net" X-Forwarded-Proto="https" X-AppService-Proto="https" X-Forwarded-TlsVersion="1.3" X-WAWS-Unencoded-URL="/api/deployments/latest?deployer=GITHUB_ZIP_DEPLOY&amp;time=2025-12-16_15-48-48Z" X-Client-IP="52.242.243.101" X-Client-Port="53376" >
  <step title="Cleanup Xml Logs" date="2025-12-16T15:49:00.617" >
    <step title="Cleanup Infos" date="2025-12-16T15:49:00.628" totalFiles="213" totalCleanup="53" /><!-- duration: 10ms -->
  </step><!-- duration: 38ms -->
  <step title="DeploymentService.GetResult" date="2025-12-16T15:49:00.671" >
    <step title="DeploymentService.GetLatestDeployment" date="2025-12-16T15:49:00.673" >
      <step title="DeploymentManager.GetResults" date="2025-12-16T15:49:00.681" /><!-- duration: 760ms -->
    </step><!-- duration: 782ms -->
  </step><!-- duration: 807ms -->
  <step title="Outgoing response" date="2025-12-16T15:49:01.494" type="response" statusCode="202" statusText="Accepted" /><!-- duration: 2ms -->
</step><!-- duration: 895ms -->
