<step title="Incoming Request" date="2025-12-17T01:38:55.420" instance="dcab14" url="/api/deployments/latest?deployer=GITHUB_ZIP_DEPLOY&amp;time=2025-12-17_01-38-49Z" method="GET" type="request" pid="831,1,18" Host="aimediatank-azure.scm.azurewebsites.net" User-Agent="GITHUBACTIONS_DeployWebAppToAzure_d1b8f4feedacd7ce0abd0c7ccc364eba2b4832a1f79de51adaff15331b99d3be" Authorization="Bas..." Content-Type="application/json; charset=utf-8" Cookie="ARRAffinity=dcab14bc307e8b893ae539209e80d9347a445e97a63340276c4a56c9e08559da;Path=/;HttpOnly;Secure;Domain=aimediatank-azure.scm.azurewebsites.net; ARRAffinitySameSite=dcab14bc307e8b893ae539209e80d9347a445e97a63340276c4a56c9e08559da;Path=/;HttpOnly;SameSite=None;Secure;Domain=aimediatank-azure.scm.azurewebsites.net" Content-Length="0" X-ARR-LOG-ID="40fd8e04-a35c-44c2-a3e3-9fbfefc9788f" CLIENT-IP="172.208.152.213:5153" X-SITE-DEPLOYMENT-ID="aimediatank-azure" WAS-DEFAULT-HOSTNAME="aimediatank-azure.scm.azurewebsites.net" X-Forwarded-Proto="https" X-AppService-Proto="https" X-Forwarded-TlsVersion="1.3" X-WAWS-Unencoded-URL="/api/deployments/latest?deployer=GITHUB_ZIP_DEPLOY&amp;time=2025-12-17_01-38-49Z" X-Client-IP="172.208.152.213" X-Client-Port="5153" >
  <step title="Cleanup Xml Logs" date="2025-12-17T01:38:55.449" >
    <step title="Cleanup Infos" date="2025-12-17T01:38:55.495" totalFiles="260" totalCleanup="100" /><!-- duration: 4ms -->
  </step><!-- duration: 54ms -->
  <step title="DeploymentService.GetResult" date="2025-12-17T01:38:55.511" >
    <step title="DeploymentService.GetLatestDeployment" date="2025-12-17T01:38:55.517" >
      <step title="DeploymentManager.GetResults" date="2025-12-17T01:38:55.521" /><!-- duration: 652ms -->
    </step><!-- duration: 664ms -->
  </step><!-- duration: 673ms -->
  <step title="Outgoing response" date="2025-12-17T01:38:56.188" type="response" statusCode="202" statusText="Accepted" /><!-- duration: 2ms -->
</step><!-- duration: 776ms -->
