<step title="Incoming Request" date="2025-12-17T00:22:45.698" instance="dcab14" url="/api/zipdeploy?isAsync=true&amp;deployer=GITHUB_ZIP_DEPLOY&amp;message=%7B%22type%22%3A%22deployment%22%2C%22sha%22%3A%2231fb77d28a3004e242d546f292d9229a1b031c5f%22%2C%22repoName%22%3A%22chongcho%2Faimediatank-azure%22%2C%22actor%22%3A%22chongcho%22%2C%22slotName%22%3A%22production%22%2C%22commitMessage%22%3A%22Update%20plan%20conditions%20with%205%20free%20uploads%2C%20add%20membership%20email%20notifications%2C%20track%20upload%20usage%22%7D" method="POST" type="request" pid="831,1,41" Host="aimediatank-azure.scm.azurewebsites.net" User-Agent="GITHUBACTIONS_DeployWebAppToAzure_d1b8f4feedacd7ce0abd0c7ccc364eba2b4832a1f79de51adaff15331b99d3be" Authorization="Bas..." Content-Type="application/octet-stream" Cookie="ARRAffinity=dcab14bc307e8b893ae539209e80d9347a445e97a63340276c4a56c9e08559da;Path=/;HttpOnly;Secure;Domain=aimediatank-azure.scm.azurewebsites.net; ARRAffinitySameSite=dcab14bc307e8b893ae539209e80d9347a445e97a63340276c4a56c9e08559da;Path=/;HttpOnly;SameSite=None;Secure;Domain=aimediatank-azure.scm.azurewebsites.net" Transfer-Encoding="chunked" X-ARR-LOG-ID="21fd57ed-aa57-4078-9e9c-7a9211902e66" CLIENT-IP="52.161.69.161:63360" X-SITE-DEPLOYMENT-ID="aimediatank-azure" WAS-DEFAULT-HOSTNAME="aimediatank-azure.scm.azurewebsites.net" X-Forwarded-Proto="https" X-AppService-Proto="https" X-Forwarded-TlsVersion="1.3" X-WAWS-Unencoded-URL="/api/zipdeploy?isAsync=true&amp;deployer=GITHUB_ZIP_DEPLOY&amp;message=%7B%22type%22%3A%22deployment%22%2C%22sha%22%3A%2231fb77d28a3004e242d546f292d9229a1b031c5f%22%2C%22repoName%22%3A%22chongcho%2Faimediatank-azure%22%2C%22actor%22%3A%22chongcho%22%2C%22slotName%22%3A%22production%22%2C%22commitMessage%22%3A%22Update%20plan%20conditions%20with%205%20free%20uploads%2C%20add%20membership%20email%20notifications%2C%20track%20upload%20usage%22%7D" X-Client-IP="52.161.69.161" X-Client-Port="63360" >
  <step title="Cleanup Xml Logs" date="2025-12-17T00:22:45.700" >
    <step title="Cleanup Infos" date="2025-12-17T00:22:45.708" totalFiles="237" totalCleanup="77" /><!-- duration: 4ms -->
  </step><!-- duration: 15ms -->
  <step title="ZipPushDeploy" date="2025-12-17T00:22:45.729" >
    <step title="ZipDeploy. Extract zip." date="2025-12-17T00:22:45.734" /><!-- duration: 2ms -->
    <step title="Starting PushDeployAsync" date="2025-12-17T00:22:45.742" /><!-- duration: 3ms -->
    <step title="Removing node_modules symlink" date="2025-12-17T00:22:45.752" >
      <step title="Writing artifact to /tmp/zipdeploy/75deb1f4-581d-439a-b9f3-ace623a273c3.zip" date="2025-12-17T00:22:45.782" >
        <step title="Writing multipart request body to /tmp/zipdeploy/75deb1f4-581d-439a-b9f3-ace623a273c3.zip" date="2025-12-17T00:22:45.790" /><!-- duration: 9ms -->
      </step><!-- duration: 1799ms -->
      <step title="Removing previous build artifact&apos;s manifest file" date="2025-12-17T00:22:47.590" >
        <step title="Start deployment in the background" date="2025-12-17T00:22:47.614" >
          <step title="Acquiring Deployment Lock" date="2025-12-17T00:22:47.638" /><!-- duration: 8ms -->
          <step title="Acquired Deployment Lock" date="2025-12-17T00:22:47.677" /><!-- duration: 3ms -->
        </step><!-- duration: 131ms -->
      </step><!-- duration: 162ms -->
      <step title="Outgoing response" date="2025-12-17T00:22:47.755" type="response" statusCode="202" statusText="Accepted" /><!-- duration: 4ms -->
    </step><!-- duration: 2010ms -->
