<step title="BackgroundTrace" date="2025-12-15T23:21:43.674" instance="dcab14" url="/api/zipdeploy" method="POST" >
  <step title="Creating temporary deployment - FetchDeploymentManager" date="2025-12-15T23:21:43.758" /><!-- duration: 3ms -->
  <step title="Creating temporary deployment" date="2025-12-15T23:21:43.766" /><!-- duration: 74ms -->
  <step title="Performing fetch based deployment" date="2025-12-15T23:21:43.898" >
    <step title="Cleaning up temp folders from previous zip deployments and extracting pushed zip file /tmp/zipdeploy/ddee60b6-593b-4ce0-9be5-02785757e94a.zip (100.86 MB) to /tmp/zipdeploy/extracted" date="2025-12-15T23:21:45.090" >
      <step title="ChmodRecursive Process exited with total time taken in ms: 96" date="2025-12-15T23:21:47.425" /><!-- duration: 11ms -->
    </step><!-- duration: 2351ms -->
    <step title="Deployment timer started" date="2025-12-15T23:21:49.454" >
      <step title="DeploymentManager.Deploy(id:a460d7f8-0be2-46e6-a585-87183307ad58)" date="2025-12-15T23:21:49.462" >
        <step title="Collecting changeset information" date="2025-12-15T23:21:49.477" /><!-- duration: 101ms -->
        <step title="Updating submodules" date="2025-12-15T23:21:49.583" /><!-- duration: 1152ms -->
        <step title="Determining deployment builder" date="2025-12-15T23:21:50.970" >
          <step title="Builder is BasicBuilder" date="2025-12-15T23:21:50.978" /><!-- duration: 3ms -->
        </step><!-- duration: 15ms -->
        <step title="PreDeployment: context.CleanOutputPath False" date="2025-12-15T23:21:51.028" >
          <step title="PreDeployment: context.OutputPath /home/site/wwwroot" date="2025-12-15T23:21:51.194" >
            <step title="Building" date="2025-12-15T23:21:51.323" >
              <step title="Executing external process" date="2025-12-15T23:21:52.148" type="process" path="starter.sh" arguments="/opt/Kudu/Scripts/absoluteTar.sh /tmp/zipdeploy/extracted/node_modules /tmp/zipdeploy/extracted/node_modules.tar.gz" /><!-- duration: 5232ms -->
              <step title="Executing external process" date="2025-12-15T23:21:58.186" type="process" path="starter.sh" arguments="/opt/Kudu/Scripts/parallel_rsync.sh /tmp/zipdeploy/extracted /home/site/wwwroot 8 /tmp/ False True node_modules " /><!-- duration: 8994ms -->
              <step title="Triggering recycle (preview mode disabled)." date="2025-12-15T23:22:07.837" /><!-- duration: 18ms -->
              <step title="Modified file to trigger a restart of the app container." date="2025-12-15T23:22:07.925" /><!-- duration: 3ms -->
              <step title="Skip function trigger and logicapp sync because function is not enabled." date="2025-12-15T23:22:07.940" /><!-- duration: 11ms -->
            </step><!-- duration: 17690ms -->
          </step><!-- duration: 17826ms -->
          <step title="Cleaning up temp files" date="2025-12-15T23:22:09.022" /><!-- duration: 4ms -->
          <step title="Cleaning up temp files" date="2025-12-15T23:22:09.035" /><!-- duration: 514ms -->
          <step title="Reloading status file with latest updates" date="2025-12-15T23:22:09.600" >
            <step title="WebHooksManager.PublishEventAsync: PostDeployment" date="2025-12-15T23:22:09.606" /><!-- duration: 69ms -->
          </step><!-- duration: 78ms -->
          <step title="Cleaning up temporary deployment - fetch deployment was successful" date="2025-12-15T23:22:09.683" /><!-- duration: 3ms -->
        </step><!-- duration: 18726ms -->
      </step><!-- duration: 20336ms -->
