<step title="Incoming Request" date="2025-12-17T01:30:45.299" instance="dcab14" url="/api/deployments/latest?deployer=GITHUB_ZIP_DEPLOY&amp;time=2025-12-17_01-30-27Z" method="GET" type="request" pid="831,1,23" Host="aimediatank-azure.scm.azurewebsites.net" User-Agent="GITHUBACTIONS_DeployWebAppToAzure_d1b8f4feedacd7ce0abd0c7ccc364eba2b4832a1f79de51adaff15331b99d3be" Authorization="Bas..." Content-Type="application/json; charset=utf-8" Cookie="ARRAffinity=dcab14bc307e8b893ae539209e80d9347a445e97a63340276c4a56c9e08559da;Path=/;HttpOnly;Secure;Domain=aimediatank-azure.scm.azurewebsites.net; ARRAffinitySameSite=dcab14bc307e8b893ae539209e80d9347a445e97a63340276c4a56c9e08559da;Path=/;HttpOnly;SameSite=None;Secure;Domain=aimediatank-azure.scm.azurewebsites.net" Content-Length="0" X-ARR-LOG-ID="32bfe42e-0755-40e9-bd59-1de2e9271e37" CLIENT-IP="68.220.62.97:22536" X-SITE-DEPLOYMENT-ID="aimediatank-azure" WAS-DEFAULT-HOSTNAME="aimediatank-azure.scm.azurewebsites.net" X-Forwarded-Proto="https" X-AppService-Proto="https" X-Forwarded-TlsVersion="1.3" X-WAWS-Unencoded-URL="/api/deployments/latest?deployer=GITHUB_ZIP_DEPLOY&amp;time=2025-12-17_01-30-27Z" X-Client-IP="68.220.62.97" X-Client-Port="22536" >
  <step title="Cleanup Xml Logs" date="2025-12-17T01:30:45.302" >
    <step title="Cleanup Infos" date="2025-12-17T01:30:45.324" totalFiles="252" totalCleanup="92" /><!-- duration: 6ms -->
  </step><!-- duration: 34ms -->
  <step title="DeploymentService.GetResult" date="2025-12-17T01:30:45.349" >
    <step title="DeploymentService.GetLatestDeployment" date="2025-12-17T01:30:45.357" >
      <step title="DeploymentManager.GetResults" date="2025-12-17T01:30:45.365" /><!-- duration: 1581ms -->
    </step><!-- duration: 1600ms -->
  </step><!-- duration: 1614ms -->
  <step title="Outgoing response" date="2025-12-17T01:30:46.971" type="response" statusCode="202" statusText="Accepted" /><!-- duration: 3ms -->
</step><!-- duration: 1684ms -->
