<step title="BackgroundTrace" date="2025-12-17T01:30:26.995" instance="dcab14" url="/api/zipdeploy" method="POST" >
  <step title="Cleanup Xml Logs" date="2025-12-17T01:30:26.997" >
    <step title="Cleanup Infos" date="2025-12-17T01:30:27.006" totalFiles="248" totalCleanup="88" /><!-- duration: 4ms -->
  </step><!-- duration: 17ms -->
  <step title="Creating temporary deployment - FetchDeploymentManager" date="2025-12-17T01:30:27.079" /><!-- duration: 7ms -->
  <step title="Creating temporary deployment" date="2025-12-17T01:30:27.089" /><!-- duration: 71ms -->
  <step title="Performing fetch based deployment" date="2025-12-17T01:30:27.200" >
    <step title="Cleaning up temp folders from previous zip deployments and extracting pushed zip file /tmp/zipdeploy/3cfc691a-cde0-4786-be56-9d50641d9f17.zip (100.88 MB) to /tmp/zipdeploy/extracted" date="2025-12-17T01:30:28.380" >
      <step title="ChmodRecursive Process exited with total time taken in ms: 113" date="2025-12-17T01:30:31.103" /><!-- duration: 7ms -->
    </step><!-- duration: 2741ms -->
    <step title="Deployment timer started" date="2025-12-17T01:30:33.130" >
      <step title="DeploymentManager.Deploy(id:5c538ff4-7378-4cd7-9cd0-55dab1653290)" date="2025-12-17T01:30:33.134" >
        <step title="Collecting changeset information" date="2025-12-17T01:30:33.144" /><!-- duration: 94ms -->
        <step title="Updating submodules" date="2025-12-17T01:30:33.244" /><!-- duration: 1106ms -->
        <step title="Determining deployment builder" date="2025-12-17T01:30:34.635" >
          <step title="Builder is BasicBuilder" date="2025-12-17T01:30:34.643" /><!-- duration: 3ms -->
        </step><!-- duration: 64ms -->
        <step title="PreDeployment: context.CleanOutputPath False" date="2025-12-17T01:30:34.752" >
          <step title="PreDeployment: context.OutputPath /home/site/wwwroot" date="2025-12-17T01:30:34.910" >
            <step title="Building" date="2025-12-17T01:30:35.068" >
              <step title="Executing external process" date="2025-12-17T01:30:35.618" type="process" path="starter.sh" arguments="/opt/Kudu/Scripts/absoluteTar.sh /tmp/zipdeploy/extracted/node_modules /tmp/zipdeploy/extracted/node_modules.tar.gz" /><!-- duration: 5482ms -->
              <step title="Executing external process" date="2025-12-17T01:30:41.426" type="process" path="starter.sh" arguments="/opt/Kudu/Scripts/parallel_rsync.sh /tmp/zipdeploy/extracted /home/site/wwwroot 8 /tmp/ False True node_modules " /><!-- duration: 7463ms -->
              <step title="Triggering recycle (preview mode disabled)." date="2025-12-17T01:30:49.516" /><!-- duration: 3ms -->
              <step title="Modified file to trigger a restart of the app container." date="2025-12-17T01:30:49.538" /><!-- duration: 3ms -->
              <step title="Skip function trigger and logicapp sync because function is not enabled." date="2025-12-17T01:30:49.544" /><!-- duration: 3ms -->
              <step title="Purge deployment items" date="2025-12-17T01:30:50.671" >
                <step title="Remove eefbd51d-, Success, received at 12/15/2025 23:41:45" date="2025-12-17T01:30:50.729" /><!-- duration: 3ms -->
              </step><!-- duration: 63ms -->
            </step><!-- duration: 15737ms -->
          </step><!-- duration: 15899ms -->
          <step title="Cleaning up temp files" date="2025-12-17T01:30:50.812" /><!-- duration: 5ms -->
          <step title="Cleaning up temp files" date="2025-12-17T01:30:50.820" /><!-- duration: 504ms -->
          <step title="Reloading status file with latest updates" date="2025-12-17T01:30:51.348" >
            <step title="WebHooksManager.PublishEventAsync: PostDeployment" date="2025-12-17T01:30:51.353" /><!-- duration: 58ms -->
          </step><!-- duration: 66ms -->
          <step title="Cleaning up temporary deployment - fetch deployment was successful" date="2025-12-17T01:30:51.419" /><!-- duration: 8ms -->
        </step><!-- duration: 16741ms -->
      </step><!-- duration: 18372ms -->
