<step title="Incoming Request" date="2025-12-17T01:30:23.887" instance="dcab14" url="/api/zipdeploy?isAsync=true&amp;deployer=GITHUB_ZIP_DEPLOY&amp;message=%7B%22type%22%3A%22deployment%22%2C%22sha%22%3A%22907d8ce9d4c2e842413ef76e65bef45af679b252%22%2C%22repoName%22%3A%22chongcho%2Faimediatank-azure%22%2C%22actor%22%3A%22chongcho%22%2C%22slotName%22%3A%22production%22%2C%22commitMessage%22%3A%22Fix%20Stripe%20checkout%3A%20use%20existing%20price%20IDs%20instead%20of%20price_data%22%7D" method="POST" type="request" pid="831,1,17" Host="aimediatank-azure.scm.azurewebsites.net" User-Agent="GITHUBACTIONS_DeployWebAppToAzure_d1b8f4feedacd7ce0abd0c7ccc364eba2b4832a1f79de51adaff15331b99d3be" Authorization="Bas..." Content-Type="application/octet-stream" Cookie="ARRAffinity=dcab14bc307e8b893ae539209e80d9347a445e97a63340276c4a56c9e08559da;Path=/;HttpOnly;Secure;Domain=aimediatank-azure.scm.azurewebsites.net; ARRAffinitySameSite=dcab14bc307e8b893ae539209e80d9347a445e97a63340276c4a56c9e08559da;Path=/;HttpOnly;SameSite=None;Secure;Domain=aimediatank-azure.scm.azurewebsites.net" Transfer-Encoding="chunked" X-ARR-LOG-ID="1c842e78-4272-4ad2-a392-d3ef9412bbac" CLIENT-IP="68.220.62.97:22536" X-SITE-DEPLOYMENT-ID="aimediatank-azure" WAS-DEFAULT-HOSTNAME="aimediatank-azure.scm.azurewebsites.net" X-Forwarded-Proto="https" X-AppService-Proto="https" X-Forwarded-TlsVersion="1.3" X-WAWS-Unencoded-URL="/api/zipdeploy?isAsync=true&amp;deployer=GITHUB_ZIP_DEPLOY&amp;message=%7B%22type%22%3A%22deployment%22%2C%22sha%22%3A%22907d8ce9d4c2e842413ef76e65bef45af679b252%22%2C%22repoName%22%3A%22chongcho%2Faimediatank-azure%22%2C%22actor%22%3A%22chongcho%22%2C%22slotName%22%3A%22production%22%2C%22commitMessage%22%3A%22Fix%20Stripe%20checkout%3A%20use%20existing%20price%20IDs%20instead%20of%20price_data%22%7D" X-Client-IP="68.220.62.97" X-Client-Port="22536" >
  <step title="Cleanup Xml Logs" date="2025-12-17T01:30:23.889" >
    <step title="Cleanup Infos" date="2025-12-17T01:30:23.898" totalFiles="247" totalCleanup="87" /><!-- duration: 4ms -->
  </step><!-- duration: 16ms -->
  <step title="ZipPushDeploy" date="2025-12-17T01:30:23.943" >
    <step title="ZipDeploy. Extract zip." date="2025-12-17T01:30:23.958" /><!-- duration: 3ms -->
    <step title="None repository commit" date="2025-12-17T01:30:23.970" >
      <step title="Commit id: 5c538ff4-7378-4cd7-9cd0-55dab1653290" date="2025-12-17T01:30:23.973" Message="N/A" AuthorName="N/A" AuthorEmail="N/A" /><!-- duration: 3ms -->
    </step><!-- duration: 11ms -->
    <step title="Starting PushDeployAsync" date="2025-12-17T01:30:23.986" /><!-- duration: 11ms -->
    <step title="Removing node_modules symlink" date="2025-12-17T01:30:24.032" >
      <step title="Removing _del_node_modules symlink" date="2025-12-17T01:30:24.208" >
        <step title="Writing artifact to /tmp/zipdeploy/3cfc691a-cde0-4786-be56-9d50641d9f17.zip" date="2025-12-17T01:30:24.238" >
          <step title="Writing multipart request body to /tmp/zipdeploy/3cfc691a-cde0-4786-be56-9d50641d9f17.zip" date="2025-12-17T01:30:24.245" /><!-- duration: 3ms -->
        </step><!-- duration: 2605ms -->
        <step title="Removing previous build artifact&apos;s manifest file" date="2025-12-17T01:30:26.853" >
          <step title="Start deployment in the background" date="2025-12-17T01:30:26.989" >
            <step title="Acquiring Deployment Lock" date="2025-12-17T01:30:27.020" /><!-- duration: 3ms -->
            <step title="Acquired Deployment Lock" date="2025-12-17T01:30:27.068" /><!-- duration: 8ms -->
          </step><!-- duration: 174ms -->
        </step><!-- duration: 321ms -->
        <step title="Outgoing response" date="2025-12-17T01:30:27.185" type="response" statusCode="202" statusText="Accepted" /><!-- duration: 3ms -->
      </step><!-- duration: 2982ms -->
