<step title="Incoming Request" date="2025-12-16T15:30:17.314" instance="dcab14" url="/api/deployments/latest?deployer=GITHUB_ZIP_DEPLOY&amp;time=2025-12-16_15-30-11Z" method="GET" type="request" pid="833,1,46" Host="aimediatank-azure.scm.azurewebsites.net" User-Agent="GITHUBACTIONS_DeployWebAppToAzure_d1b8f4feedacd7ce0abd0c7ccc364eba2b4832a1f79de51adaff15331b99d3be" Authorization="Bas..." Content-Type="application/json; charset=utf-8" Cookie="ARRAffinity=dcab14bc307e8b893ae539209e80d9347a445e97a63340276c4a56c9e08559da;Path=/;HttpOnly;Secure;Domain=aimediatank-azure.scm.azurewebsites.net; ARRAffinitySameSite=dcab14bc307e8b893ae539209e80d9347a445e97a63340276c4a56c9e08559da;Path=/;HttpOnly;SameSite=None;Secure;Domain=aimediatank-azure.scm.azurewebsites.net" Content-Length="0" X-ARR-LOG-ID="84f615c7-081c-41a6-a27d-7001e2ee6df2" CLIENT-IP="20.98.18.72:26666" X-SITE-DEPLOYMENT-ID="aimediatank-azure" WAS-DEFAULT-HOSTNAME="aimediatank-azure.scm.azurewebsites.net" X-Forwarded-Proto="https" X-AppService-Proto="https" X-Forwarded-TlsVersion="1.3" X-WAWS-Unencoded-URL="/api/deployments/latest?deployer=GITHUB_ZIP_DEPLOY&amp;time=2025-12-16_15-30-11Z" X-Client-IP="20.98.18.72" X-Client-Port="26666" >
  <step title="Cleanup Xml Logs" date="2025-12-16T15:30:17.316" >
    <step title="Cleanup Infos" date="2025-12-16T15:30:17.324" totalFiles="203" totalCleanup="43" /><!-- duration: 4ms -->
  </step><!-- duration: 15ms -->
  <step title="DeploymentService.GetResult" date="2025-12-16T15:30:17.338" >
    <step title="DeploymentService.GetLatestDeployment" date="2025-12-16T15:30:17.340" >
      <step title="DeploymentManager.GetResults" date="2025-12-16T15:30:17.343" /><!-- duration: 622ms -->
    </step><!-- duration: 627ms -->
  </step><!-- duration: 632ms -->
  <step title="Outgoing response" date="2025-12-16T15:30:17.973" type="response" statusCode="202" statusText="Accepted" /><!-- duration: 4ms -->
</step><!-- duration: 665ms -->
