<step title="Incoming Request" date="2025-12-16T15:49:07.390" instance="dcab14" url="/api/deployments/latest?deployer=GITHUB_ZIP_DEPLOY&amp;time=2025-12-16_15-48-48Z" method="GET" type="request" pid="833,1,26" Host="aimediatank-azure.scm.azurewebsites.net" User-Agent="GITHUBACTIONS_DeployWebAppToAzure_d1b8f4feedacd7ce0abd0c7ccc364eba2b4832a1f79de51adaff15331b99d3be" Authorization="Bas..." Content-Type="application/json; charset=utf-8" Cookie="ARRAffinity=dcab14bc307e8b893ae539209e80d9347a445e97a63340276c4a56c9e08559da;Path=/;HttpOnly;Secure;Domain=aimediatank-azure.scm.azurewebsites.net; ARRAffinitySameSite=dcab14bc307e8b893ae539209e80d9347a445e97a63340276c4a56c9e08559da;Path=/;HttpOnly;SameSite=None;Secure;Domain=aimediatank-azure.scm.azurewebsites.net" Content-Length="0" X-ARR-LOG-ID="703196ed-b0d0-4038-a071-19a75f0430ff" CLIENT-IP="52.242.243.101:53377" X-SITE-DEPLOYMENT-ID="aimediatank-azure" WAS-DEFAULT-HOSTNAME="aimediatank-azure.scm.azurewebsites.net" X-Forwarded-Proto="https" X-AppService-Proto="https" X-Forwarded-TlsVersion="1.3" X-WAWS-Unencoded-URL="/api/deployments/latest?deployer=GITHUB_ZIP_DEPLOY&amp;time=2025-12-16_15-48-48Z" X-Client-IP="52.242.243.101" X-Client-Port="53377" >
  <step title="Cleanup Xml Logs" date="2025-12-16T15:49:07.394" >
    <step title="Cleanup Infos" date="2025-12-16T15:49:07.414" totalFiles="214" totalCleanup="54" /><!-- duration: 20ms -->
  </step><!-- duration: 56ms -->
  <step title="DeploymentService.GetResult" date="2025-12-16T15:49:07.460" >
    <step title="DeploymentService.GetLatestDeployment" date="2025-12-16T15:49:07.468" >
      <step title="DeploymentManager.GetResults" date="2025-12-16T15:49:07.484" /><!-- duration: 1293ms -->
    </step><!-- duration: 1318ms -->
  </step><!-- duration: 1331ms -->
  <step title="Outgoing response" date="2025-12-16T15:49:08.814" type="response" statusCode="202" statusText="Accepted" /><!-- duration: 10ms -->
</step><!-- duration: 1451ms -->
