<step title="BackgroundTrace" date="2025-12-15T19:31:54.462" instance="dcab14" url="/api/zipdeploy" method="POST" >
  <step title="Creating temporary deployment - FetchDeploymentManager" date="2025-12-15T19:31:54.508" /><!-- duration: 2ms -->
  <step title="Creating temporary deployment" date="2025-12-15T19:31:54.514" /><!-- duration: 63ms -->
  <step title="Performing fetch based deployment" date="2025-12-15T19:31:54.605" >
    <step title="Cleaning up temp folders from previous zip deployments and extracting pushed zip file /tmp/zipdeploy/64f2de10-26c4-4afc-83f8-a7cf3f15a174.zip (100.85 MB) to /tmp/zipdeploy/extracted" date="2025-12-15T19:31:55.781" >
      <step title="ChmodRecursive Process exited with total time taken in ms: 106" date="2025-12-15T19:31:57.855" /><!-- duration: 5ms -->
    </step><!-- duration: 2083ms -->
    <step title="Deployment timer started" date="2025-12-15T19:31:59.873" >
      <step title="DeploymentManager.Deploy(id:2e89d62a-6dca-4df6-99ff-aab378d8647d)" date="2025-12-15T19:31:59.901" >
        <step title="Collecting changeset information" date="2025-12-15T19:31:59.958" /><!-- duration: 98ms -->
        <step title="Updating submodules" date="2025-12-15T19:32:00.062" /><!-- duration: 1130ms -->
        <step title="Determining deployment builder" date="2025-12-15T19:32:01.405" >
          <step title="Builder is BasicBuilder" date="2025-12-15T19:32:01.417" /><!-- duration: 12ms -->
        </step><!-- duration: 31ms -->
        <step title="PreDeployment: context.CleanOutputPath False" date="2025-12-15T19:32:01.485" >
          <step title="PreDeployment: context.OutputPath /home/site/wwwroot" date="2025-12-15T19:32:01.723" >
            <step title="Building" date="2025-12-15T19:32:01.913" >
              <step title="Executing external process" date="2025-12-15T19:32:02.800" type="process" path="starter.sh" arguments="/opt/Kudu/Scripts/absoluteTar.sh /tmp/zipdeploy/extracted/node_modules /tmp/zipdeploy/extracted/node_modules.tar.gz" /><!-- duration: 5841ms -->
              <step title="Executing external process" date="2025-12-15T19:32:08.883" type="process" path="starter.sh" arguments="/opt/Kudu/Scripts/parallel_rsync.sh /tmp/zipdeploy/extracted /home/site/wwwroot 8 /tmp/ False True node_modules " /><!-- duration: 11538ms -->
              <step title="Triggering recycle (preview mode disabled)." date="2025-12-15T19:32:21.494" /><!-- duration: 4ms -->
              <step title="Modified file to trigger a restart of the app container." date="2025-12-15T19:32:21.517" /><!-- duration: 3ms -->
              <step title="Skip function trigger and logicapp sync because function is not enabled." date="2025-12-15T19:32:21.524" /><!-- duration: 3ms -->
            </step><!-- duration: 20360ms -->
          </step><!-- duration: 20554ms -->
          <step title="Cleaning up temp files" date="2025-12-15T19:32:22.280" /><!-- duration: 4ms -->
          <step title="Cleaning up temp files" date="2025-12-15T19:32:22.287" /><!-- duration: 511ms -->
          <step title="Reloading status file with latest updates" date="2025-12-15T19:32:22.848" >
            <step title="WebHooksManager.PublishEventAsync: PostDeployment" date="2025-12-15T19:32:22.852" /><!-- duration: 34ms -->
          </step><!-- duration: 41ms -->
          <step title="Cleaning up temporary deployment - fetch deployment was successful" date="2025-12-15T19:32:22.893" /><!-- duration: 3ms -->
        </step><!-- duration: 21472ms -->
      </step><!-- duration: 23075ms -->
