<step title="BackgroundTrace" date="2025-12-15T23:41:34.845" instance="dcab14" url="/api/zipdeploy" method="POST" >
  <step title="Cleanup Xml Logs" date="2025-12-15T23:41:34.896" /><!-- duration: 22ms -->
  <step title="Creating temporary deployment - FetchDeploymentManager" date="2025-12-15T23:41:35.214" /><!-- duration: 18ms -->
  <step title="Creating temporary deployment" date="2025-12-15T23:41:35.250" /><!-- duration: 241ms -->
  <step title="Performing fetch based deployment" date="2025-12-15T23:41:35.719" >
    <step title="Cleaning up temp folders from previous zip deployments and extracting pushed zip file /tmp/zipdeploy/0578517f-4067-490f-9705-d8685b685ac3.zip (100.86 MB) to /tmp/zipdeploy/extracted" date="2025-12-15T23:41:37.251" >
      <step title="ChmodRecursive Process exited with total time taken in ms: 363" date="2025-12-15T23:41:42.990" /><!-- duration: 38ms -->
    </step><!-- duration: 5804ms -->
    <step title="Deployment timer started" date="2025-12-15T23:41:45.117" >
      <step title="DeploymentManager.Deploy(id:eefbd51d-c3e7-43d6-aa1f-e580a2881941)" date="2025-12-15T23:41:45.128" >
        <step title="Collecting changeset information" date="2025-12-15T23:41:45.166" /><!-- duration: 351ms -->
        <step title="Updating submodules" date="2025-12-15T23:41:45.549" /><!-- duration: 1458ms -->
        <step title="Determining deployment builder" date="2025-12-15T23:41:47.334" >
          <step title="Builder is BasicBuilder" date="2025-12-15T23:41:47.367" /><!-- duration: 7ms -->
        </step><!-- duration: 52ms -->
        <step title="PreDeployment: context.CleanOutputPath False" date="2025-12-15T23:41:47.535" >
          <step title="PreDeployment: context.OutputPath /home/site/wwwroot" date="2025-12-15T23:41:47.795" >
            <step title="Building" date="2025-12-15T23:41:48.122" >
              <step title="Executing external process" date="2025-12-15T23:41:49.206" type="process" path="starter.sh" arguments="/opt/Kudu/Scripts/absoluteTar.sh /tmp/zipdeploy/extracted/node_modules /tmp/zipdeploy/extracted/node_modules.tar.gz" /><!-- duration: 9888ms -->
              <step title="Executing external process" date="2025-12-15T23:42:00.397" type="process" path="starter.sh" arguments="/opt/Kudu/Scripts/parallel_rsync.sh /tmp/zipdeploy/extracted /home/site/wwwroot 8 /tmp/ False True node_modules " /><!-- duration: 22611ms -->
              <step title="Triggering recycle (preview mode disabled)." date="2025-12-15T23:42:24.122" /><!-- duration: 19ms -->
              <step title="Modified file to trigger a restart of the app container." date="2025-12-15T23:42:24.205" /><!-- duration: 12ms -->
              <step title="Skip function trigger and logicapp sync because function is not enabled." date="2025-12-15T23:42:24.226" /><!-- duration: 26ms -->
              <step title="Purge deployment items" date="2025-12-15T23:42:27.523" >
                <step title="Remove temp-f0ea, Failed, received at 12/15/2025 23:41:35" date="2025-12-15T23:42:27.793" /><!-- duration: 39ms -->
                <step title="Remove 53daa039-, Success, received at 12/15/2025 19:08:18" date="2025-12-15T23:42:28.203" /><!-- duration: 18ms -->
              </step><!-- duration: 725ms -->
            </step><!-- duration: 40232ms -->
          </step><!-- duration: 40588ms -->
          <step title="Cleaning up temp files" date="2025-12-15T23:42:28.392" /><!-- duration: 11ms -->
          <step title="Cleaning up temp files" date="2025-12-15T23:42:28.446" /><!-- duration: 542ms -->
          <step title="Reloading status file with latest updates" date="2025-12-15T23:42:29.067" >
            <step title="WebHooksManager.PublishEventAsync: PostDeployment" date="2025-12-15T23:42:29.097" /><!-- duration: 130ms -->
          </step><!-- duration: 163ms -->
          <step title="Cleaning up temporary deployment - fetch deployment was successful" date="2025-12-15T23:42:29.264" /><!-- duration: 10ms -->
        </step><!-- duration: 41827ms -->
      </step><!-- duration: 44275ms -->
