<step title="Incoming Request" date="2025-12-17T01:38:43.789" instance="dcab14" url="/api/zipdeploy?isAsync=true&amp;deployer=GITHUB_ZIP_DEPLOY&amp;message=%7B%22type%22%3A%22deployment%22%2C%22sha%22%3A%22f5bff03beebd477e9e3826c2e395fe71c4a0e8d9%22%2C%22repoName%22%3A%22chongcho%2Faimediatank-azure%22%2C%22actor%22%3A%22chongcho%22%2C%22slotName%22%3A%22production%22%2C%22commitMessage%22%3A%22Use%20price_data%20for%20dynamic%20subscription%20pricing%20and%20fix%20redirect%20URLs%22%7D" method="POST" type="request" pid="831,1,14" Host="aimediatank-azure.scm.azurewebsites.net" User-Agent="GITHUBACTIONS_DeployWebAppToAzure_d1b8f4feedacd7ce0abd0c7ccc364eba2b4832a1f79de51adaff15331b99d3be" Authorization="Bas..." Content-Type="application/octet-stream" Cookie="ARRAffinity=dcab14bc307e8b893ae539209e80d9347a445e97a63340276c4a56c9e08559da;Path=/;HttpOnly;Secure;Domain=aimediatank-azure.scm.azurewebsites.net; ARRAffinitySameSite=dcab14bc307e8b893ae539209e80d9347a445e97a63340276c4a56c9e08559da;Path=/;HttpOnly;SameSite=None;Secure;Domain=aimediatank-azure.scm.azurewebsites.net" Transfer-Encoding="chunked" X-ARR-LOG-ID="8bd64e08-eb89-4cb2-8da8-c90b9bda1a29" CLIENT-IP="172.208.152.213:5152" X-SITE-DEPLOYMENT-ID="aimediatank-azure" WAS-DEFAULT-HOSTNAME="aimediatank-azure.scm.azurewebsites.net" X-Forwarded-Proto="https" X-AppService-Proto="https" X-Forwarded-TlsVersion="1.3" X-WAWS-Unencoded-URL="/api/zipdeploy?isAsync=true&amp;deployer=GITHUB_ZIP_DEPLOY&amp;message=%7B%22type%22%3A%22deployment%22%2C%22sha%22%3A%22f5bff03beebd477e9e3826c2e395fe71c4a0e8d9%22%2C%22repoName%22%3A%22chongcho%2Faimediatank-azure%22%2C%22actor%22%3A%22chongcho%22%2C%22slotName%22%3A%22production%22%2C%22commitMessage%22%3A%22Use%20price_data%20for%20dynamic%20subscription%20pricing%20and%20fix%20redirect%20URLs%22%7D" X-Client-IP="172.208.152.213" X-Client-Port="5152" >
  <step title="Cleanup Xml Logs" date="2025-12-17T01:38:43.807" >
    <step title="Cleanup Infos" date="2025-12-17T01:38:43.836" totalFiles="257" totalCleanup="97" /><!-- duration: 15ms -->
  </step><!-- duration: 64ms -->
  <step title="ZipPushDeploy" date="2025-12-17T01:38:44.071" >
    <step title="ZipDeploy. Extract zip." date="2025-12-17T01:38:44.097" /><!-- duration: 18ms -->
    <step title="None repository commit" date="2025-12-17T01:38:44.151" >
      <step title="Commit id: 6eb39965-bd39-4b5d-a8f8-45dd21b6e1de" date="2025-12-17T01:38:44.169" Message="N/A" AuthorName="N/A" AuthorEmail="N/A" /><!-- duration: 3ms -->
    </step><!-- duration: 29ms -->
    <step title="Starting PushDeployAsync" date="2025-12-17T01:38:44.192" /><!-- duration: 9ms -->
    <step title="Removing node_modules symlink" date="2025-12-17T01:38:44.248" >
      <step title="Removing _del_node_modules symlink" date="2025-12-17T01:38:44.336" >
        <step title="Writing artifact to /tmp/zipdeploy/4795d092-063c-43ea-964f-1c7196cbe125.zip" date="2025-12-17T01:38:44.384" >
          <step title="Writing multipart request body to /tmp/zipdeploy/4795d092-063c-43ea-964f-1c7196cbe125.zip" date="2025-12-17T01:38:44.401" /><!-- duration: 12ms -->
        </step><!-- duration: 4445ms -->
        <step title="Removing previous build artifact&apos;s manifest file" date="2025-12-17T01:38:48.843" >
          <step title="Start deployment in the background" date="2025-12-17T01:38:48.869" >
            <step title="Acquiring Deployment Lock" date="2025-12-17T01:38:48.924" /><!-- duration: 3ms -->
            <step title="Acquired Deployment Lock" date="2025-12-17T01:38:48.995" /><!-- duration: 4ms -->
          </step><!-- duration: 207ms -->
        </step><!-- duration: 250ms -->
        <step title="Outgoing response" date="2025-12-17T01:38:49.112" type="response" statusCode="202" statusText="Accepted" /><!-- duration: 3ms -->
      </step><!-- duration: 4782ms -->
