<step title="BackgroundTrace" date="2025-12-16T23:46:29.906" instance="dcab14" url="/api/zipdeploy" method="POST" >
  <step title="Cleanup Xml Logs" date="2025-12-16T23:46:29.911" >
    <step title="Cleanup Infos" date="2025-12-16T23:46:29.923" totalFiles="220" totalCleanup="60" /><!-- duration: 4ms -->
  </step><!-- duration: 23ms -->
  <step title="Creating temporary deployment - FetchDeploymentManager" date="2025-12-16T23:46:30.021" /><!-- duration: 3ms -->
  <step title="Creating temporary deployment" date="2025-12-16T23:46:30.027" /><!-- duration: 85ms -->
  <step title="Performing fetch based deployment" date="2025-12-16T23:46:30.165" >
    <step title="Cleaning up temp folders from previous zip deployments and extracting pushed zip file /tmp/zipdeploy/6ebd19ae-7dbf-49eb-99bd-957e34e967e2.zip (100.87 MB) to /tmp/zipdeploy/extracted" date="2025-12-16T23:46:31.359" >
      <step title="ChmodRecursive Process exited with total time taken in ms: 122" date="2025-12-16T23:46:33.981" /><!-- duration: 5ms -->
    </step><!-- duration: 2631ms -->
    <step title="Deployment timer started" date="2025-12-16T23:46:36.004" >
      <step title="DeploymentManager.Deploy(id:39342ebd-ad9b-4e1f-b918-2c493bafa049)" date="2025-12-16T23:46:36.010" >
        <step title="Collecting changeset information" date="2025-12-16T23:46:36.037" /><!-- duration: 97ms -->
        <step title="Updating submodules" date="2025-12-16T23:46:36.139" /><!-- duration: 1101ms -->
        <step title="Determining deployment builder" date="2025-12-16T23:46:37.494" >
          <step title="Builder is BasicBuilder" date="2025-12-16T23:46:37.505" /><!-- duration: 3ms -->
        </step><!-- duration: 40ms -->
        <step title="PreDeployment: context.CleanOutputPath False" date="2025-12-16T23:46:37.584" >
          <step title="PreDeployment: context.OutputPath /home/site/wwwroot" date="2025-12-16T23:46:37.682" >
            <step title="Building" date="2025-12-16T23:46:37.852" >
              <step title="Executing external process" date="2025-12-16T23:46:38.363" type="process" path="starter.sh" arguments="/opt/Kudu/Scripts/absoluteTar.sh /tmp/zipdeploy/extracted/node_modules /tmp/zipdeploy/extracted/node_modules.tar.gz" /><!-- duration: 5176ms -->
              <step title="Executing external process" date="2025-12-16T23:46:43.909" type="process" path="starter.sh" arguments="/opt/Kudu/Scripts/parallel_rsync.sh /tmp/zipdeploy/extracted /home/site/wwwroot 8 /tmp/ False True node_modules " /><!-- duration: 8184ms -->
              <step title="Triggering recycle (preview mode disabled)." date="2025-12-16T23:46:52.715" /><!-- duration: 5ms -->
              <step title="Modified file to trigger a restart of the app container." date="2025-12-16T23:46:52.785" /><!-- duration: 3ms -->
              <step title="Skip function trigger and logicapp sync because function is not enabled." date="2025-12-16T23:46:52.794" /><!-- duration: 3ms -->
              <step title="Purge deployment items" date="2025-12-16T23:46:53.878" >
                <step title="Remove 547b7e9a-, Success, received at 12/15/2025 22:57:47" date="2025-12-16T23:46:53.952" /><!-- duration: 3ms -->
              </step><!-- duration: 81ms -->
            </step><!-- duration: 16193ms -->
          </step><!-- duration: 16367ms -->
          <step title="Cleaning up temp files" date="2025-12-16T23:46:54.052" /><!-- duration: 4ms -->
          <step title="Cleaning up temp files" date="2025-12-16T23:46:54.058" /><!-- duration: 507ms -->
          <step title="Reloading status file with latest updates" date="2025-12-16T23:46:54.609" >
            <step title="WebHooksManager.PublishEventAsync: PostDeployment" date="2025-12-16T23:46:54.613" /><!-- duration: 57ms -->
          </step><!-- duration: 64ms -->
          <step title="Cleaning up temporary deployment - fetch deployment was successful" date="2025-12-16T23:46:54.678" /><!-- duration: 3ms -->
        </step><!-- duration: 17170ms -->
      </step><!-- duration: 18763ms -->
