<step title="Incoming Request" date="2025-12-15T23:59:01.117" instance="dcab14" url="/api/zipdeploy?isAsync=true&amp;deployer=GITHUB_ZIP_DEPLOY&amp;message=%7B%22type%22%3A%22deployment%22%2C%22sha%22%3A%225c0146af239b9d0e662c90ad0dcd42873de330a5%22%2C%22repoName%22%3A%22chongcho%2Faimediatank-azure%22%2C%22actor%22%3A%22chongcho%22%2C%22slotName%22%3A%22production%22%2C%22commitMessage%22%3A%22Add%20all%20Edit%20Profile%20fields%20to%20registration%20page%20(excluding%20Change%20Password)%22%7D" method="POST" type="request" pid="833,1,34" Host="aimediatank-azure.scm.azurewebsites.net" User-Agent="GITHUBACTIONS_DeployWebAppToAzure_d1b8f4feedacd7ce0abd0c7ccc364eba2b4832a1f79de51adaff15331b99d3be" Authorization="Bas..." Content-Type="application/octet-stream" Cookie="ARRAffinity=dcab14bc307e8b893ae539209e80d9347a445e97a63340276c4a56c9e08559da;Path=/;HttpOnly;Secure;Domain=aimediatank-azure.scm.azurewebsites.net; ARRAffinitySameSite=dcab14bc307e8b893ae539209e80d9347a445e97a63340276c4a56c9e08559da;Path=/;HttpOnly;SameSite=None;Secure;Domain=aimediatank-azure.scm.azurewebsites.net" Transfer-Encoding="chunked" X-ARR-LOG-ID="1e46d881-5271-4759-8681-a52f304f5cf6" CLIENT-IP="172.182.213.147:10264" X-SITE-DEPLOYMENT-ID="aimediatank-azure" WAS-DEFAULT-HOSTNAME="aimediatank-azure.scm.azurewebsites.net" X-Forwarded-Proto="https" X-AppService-Proto="https" X-Forwarded-TlsVersion="1.3" X-WAWS-Unencoded-URL="/api/zipdeploy?isAsync=true&amp;deployer=GITHUB_ZIP_DEPLOY&amp;message=%7B%22type%22%3A%22deployment%22%2C%22sha%22%3A%225c0146af239b9d0e662c90ad0dcd42873de330a5%22%2C%22repoName%22%3A%22chongcho%2Faimediatank-azure%22%2C%22actor%22%3A%22chongcho%22%2C%22slotName%22%3A%22production%22%2C%22commitMessage%22%3A%22Add%20all%20Edit%20Profile%20fields%20to%20registration%20page%20(excluding%20Change%20Password)%22%7D" X-Client-IP="172.182.213.147" X-Client-Port="10264" >
  <step title="Cleanup Xml Logs" date="2025-12-15T23:59:01.120" /><!-- duration: 10ms -->
  <step title="ZipPushDeploy" date="2025-12-15T23:59:01.177" >
    <step title="ZipDeploy. Extract zip." date="2025-12-15T23:59:01.184" /><!-- duration: 3ms -->
    <step title="None repository commit" date="2025-12-15T23:59:01.196" >
      <step title="Commit id: 2204d3ae-5708-4e15-a249-b9239d35cb7c" date="2025-12-15T23:59:01.199" Message="N/A" AuthorName="N/A" AuthorEmail="N/A" /><!-- duration: 3ms -->
    </step><!-- duration: 9ms -->
    <step title="Starting PushDeployAsync" date="2025-12-15T23:59:01.208" /><!-- duration: 3ms -->
    <step title="Removing node_modules symlink" date="2025-12-15T23:59:01.230" >
      <step title="Writing artifact to /tmp/zipdeploy/190384fc-74bf-4813-bf33-2292bfde8442.zip" date="2025-12-15T23:59:01.280" >
        <step title="Writing multipart request body to /tmp/zipdeploy/190384fc-74bf-4813-bf33-2292bfde8442.zip" date="2025-12-15T23:59:01.285" /><!-- duration: 3ms -->
      </step><!-- duration: 2496ms -->
      <step title="Removing previous build artifact&apos;s manifest file" date="2025-12-15T23:59:03.792" >
        <step title="Start deployment in the background" date="2025-12-15T23:59:03.831" >
          <step title="Acquiring Deployment Lock" date="2025-12-15T23:59:03.850" /><!-- duration: 16ms -->
          <step title="Acquired Deployment Lock" date="2025-12-15T23:59:03.909" /><!-- duration: 3ms -->
        </step><!-- duration: 163ms -->
      </step><!-- duration: 212ms -->
      <step title="Outgoing response" date="2025-12-15T23:59:04.016" type="response" statusCode="202" statusText="Accepted" /><!-- duration: 3ms -->
    </step><!-- duration: 2816ms -->
