<step title="Incoming Request" date="2025-12-16T15:30:29.179" instance="dcab14" url="/api/deployments/latest?deployer=GITHUB_ZIP_DEPLOY&amp;time=2025-12-16_15-30-11Z" method="GET" type="request" pid="833,1,46" Host="aimediatank-azure.scm.azurewebsites.net" User-Agent="GITHUBACTIONS_DeployWebAppToAzure_d1b8f4feedacd7ce0abd0c7ccc364eba2b4832a1f79de51adaff15331b99d3be" Authorization="Bas..." Content-Type="application/json; charset=utf-8" Cookie="ARRAffinity=dcab14bc307e8b893ae539209e80d9347a445e97a63340276c4a56c9e08559da;Path=/;HttpOnly;Secure;Domain=aimediatank-azure.scm.azurewebsites.net; ARRAffinitySameSite=dcab14bc307e8b893ae539209e80d9347a445e97a63340276c4a56c9e08559da;Path=/;HttpOnly;SameSite=None;Secure;Domain=aimediatank-azure.scm.azurewebsites.net" Content-Length="0" X-ARR-LOG-ID="25ee7c09-11f7-4e1d-b9f8-43ebd4c2387d" CLIENT-IP="20.98.18.72:26666" X-SITE-DEPLOYMENT-ID="aimediatank-azure" WAS-DEFAULT-HOSTNAME="aimediatank-azure.scm.azurewebsites.net" X-Forwarded-Proto="https" X-AppService-Proto="https" X-Forwarded-TlsVersion="1.3" X-WAWS-Unencoded-URL="/api/deployments/latest?deployer=GITHUB_ZIP_DEPLOY&amp;time=2025-12-16_15-30-11Z" X-Client-IP="20.98.18.72" X-Client-Port="26666" >
  <step title="Cleanup Xml Logs" date="2025-12-16T15:30:29.182" >
    <step title="Cleanup Infos" date="2025-12-16T15:30:29.189" totalFiles="205" totalCleanup="45" /><!-- duration: 4ms -->
  </step><!-- duration: 15ms -->
  <step title="DeploymentService.GetResult" date="2025-12-16T15:30:29.203" >
    <step title="DeploymentService.GetLatestDeployment" date="2025-12-16T15:30:29.209" >
      <step title="DeploymentManager.GetResults" date="2025-12-16T15:30:29.214" /><!-- duration: 1521ms -->
    </step><!-- duration: 1541ms -->
  </step><!-- duration: 1551ms -->
  <step title="Outgoing response" date="2025-12-16T15:30:30.763" type="response" statusCode="202" statusText="Accepted" /><!-- duration: 17ms -->
</step><!-- duration: 1605ms -->
