<step title="BackgroundTrace" date="2025-12-17T00:22:47.619" instance="dcab14" url="/api/zipdeploy" method="POST" >
  <step title="Creating temporary deployment - FetchDeploymentManager" date="2025-12-17T00:22:47.682" /><!-- duration: 4ms -->
  <step title="Creating temporary deployment" date="2025-12-17T00:22:47.690" /><!-- duration: 51ms -->
  <step title="Performing fetch based deployment" date="2025-12-17T00:22:47.770" >
    <step title="Cleaning up temp folders from previous zip deployments and extracting pushed zip file /tmp/zipdeploy/75deb1f4-581d-439a-b9f3-ace623a273c3.zip (100.88 MB) to /tmp/zipdeploy/extracted" date="2025-12-17T00:22:49.728" >
      <step title="ChmodRecursive Process exited with total time taken in ms: 96" date="2025-12-17T00:22:52.074" /><!-- duration: 4ms -->
    </step><!-- duration: 2353ms -->
    <step title="Deployment timer started" date="2025-12-17T00:22:54.098" >
      <step title="DeploymentManager.Deploy(id:52c13891-fb9d-4a17-893d-a56c9cd40c4f)" date="2025-12-17T00:22:54.112" >
        <step title="Collecting changeset information" date="2025-12-17T00:22:54.133" /><!-- duration: 400ms -->
        <step title="Updating submodules" date="2025-12-17T00:22:54.542" /><!-- duration: 1114ms -->
        <step title="Determining deployment builder" date="2025-12-17T00:22:55.850" >
          <step title="Builder is BasicBuilder" date="2025-12-17T00:22:55.866" /><!-- duration: 5ms -->
        </step><!-- duration: 24ms -->
        <step title="PreDeployment: context.CleanOutputPath False" date="2025-12-17T00:22:55.927" >
          <step title="PreDeployment: context.OutputPath /home/site/wwwroot" date="2025-12-17T00:22:56.050" >
            <step title="Building" date="2025-12-17T00:22:56.171" >
              <step title="Executing external process" date="2025-12-17T00:22:56.789" type="process" path="starter.sh" arguments="/opt/Kudu/Scripts/absoluteTar.sh /tmp/zipdeploy/extracted/node_modules /tmp/zipdeploy/extracted/node_modules.tar.gz" /><!-- duration: 5389ms -->
              <step title="Executing external process" date="2025-12-17T00:23:02.412" type="process" path="starter.sh" arguments="/opt/Kudu/Scripts/parallel_rsync.sh /tmp/zipdeploy/extracted /home/site/wwwroot 8 /tmp/ False True node_modules " /><!-- duration: 7873ms -->
              <step title="Triggering recycle (preview mode disabled)." date="2025-12-17T00:23:10.980" /><!-- duration: 3ms -->
              <step title="Modified file to trigger a restart of the app container." date="2025-12-17T00:23:11.016" /><!-- duration: 3ms -->
              <step title="Skip function trigger and logicapp sync because function is not enabled." date="2025-12-17T00:23:11.022" /><!-- duration: 3ms -->
              <step title="Purge deployment items" date="2025-12-17T00:23:12.560" >
                <step title="Remove a460d7f8-, Success, received at 12/15/2025 23:21:49" date="2025-12-17T00:23:12.652" /><!-- duration: 3ms -->
              </step><!-- duration: 105ms -->
            </step><!-- duration: 16594ms -->
          </step><!-- duration: 16741ms -->
          <step title="Cleaning up temp files" date="2025-12-17T00:23:12.829" /><!-- duration: 38ms -->
          <step title="Cleaning up temp files" date="2025-12-17T00:23:12.886" /><!-- duration: 517ms -->
          <step title="Reloading status file with latest updates" date="2025-12-17T00:23:13.806" >
            <step title="WebHooksManager.PublishEventAsync: PostDeployment" date="2025-12-17T00:23:13.845" /><!-- duration: 123ms -->
          </step><!-- duration: 200ms -->
          <step title="Cleaning up temporary deployment - fetch deployment was successful" date="2025-12-17T00:23:14.027" /><!-- duration: 26ms -->
        </step><!-- duration: 18444ms -->
      </step><!-- duration: 20275ms -->
