<step title="BackgroundTrace" date="2025-12-16T14:54:09.517" instance="dcab14" url="/api/zipdeploy" method="POST" >
  <step title="Creating temporary deployment - FetchDeploymentManager" date="2025-12-16T14:54:09.576" /><!-- duration: 2ms -->
  <step title="Creating temporary deployment" date="2025-12-16T14:54:09.581" /><!-- duration: 63ms -->
  <step title="Performing fetch based deployment" date="2025-12-16T14:54:09.676" >
    <step title="Cleaning up temp folders from previous zip deployments and extracting pushed zip file /tmp/zipdeploy/6e51bd36-1b5b-4b69-a2a2-200b5ba6102a.zip (100.87 MB) to /tmp/zipdeploy/extracted" date="2025-12-16T14:54:10.864" >
      <step title="ChmodRecursive Process exited with total time taken in ms: 107" date="2025-12-16T14:54:13.265" /><!-- duration: 4ms -->
    </step><!-- duration: 2411ms -->
    <step title="Deployment timer started" date="2025-12-16T14:54:15.286" >
      <step title="DeploymentManager.Deploy(id:5d5a9208-5e0d-46df-a82b-014390ebd1bb)" date="2025-12-16T14:54:15.292" >
        <step title="Collecting changeset information" date="2025-12-16T14:54:15.306" /><!-- duration: 80ms -->
        <step title="Updating submodules" date="2025-12-16T14:54:15.392" /><!-- duration: 1147ms -->
        <step title="Determining deployment builder" date="2025-12-16T14:54:17.066" >
          <step title="Builder is BasicBuilder" date="2025-12-16T14:54:17.076" /><!-- duration: 3ms -->
        </step><!-- duration: 15ms -->
        <step title="PreDeployment: context.CleanOutputPath False" date="2025-12-16T14:54:17.131" >
          <step title="PreDeployment: context.OutputPath /home/site/wwwroot" date="2025-12-16T14:54:17.257" >
            <step title="Building" date="2025-12-16T14:54:17.405" >
              <step title="Executing external process" date="2025-12-16T14:54:17.932" type="process" path="starter.sh" arguments="/opt/Kudu/Scripts/absoluteTar.sh /tmp/zipdeploy/extracted/node_modules /tmp/zipdeploy/extracted/node_modules.tar.gz" /><!-- duration: 4885ms -->
              <step title="Executing external process" date="2025-12-16T14:54:23.103" type="process" path="starter.sh" arguments="/opt/Kudu/Scripts/parallel_rsync.sh /tmp/zipdeploy/extracted /home/site/wwwroot 8 /tmp/ False True node_modules " /><!-- duration: 8126ms -->
              <step title="Triggering recycle (preview mode disabled)." date="2025-12-16T14:54:31.875" /><!-- duration: 10ms -->
              <step title="Modified file to trigger a restart of the app container." date="2025-12-16T14:54:31.916" /><!-- duration: 8ms -->
              <step title="Skip function trigger and logicapp sync because function is not enabled." date="2025-12-16T14:54:31.928" /><!-- duration: 14ms -->
              <step title="Purge deployment items" date="2025-12-16T14:54:33.208" >
                <step title="Remove d30a4284-, Success, received at 12/15/2025 22:10:20" date="2025-12-16T14:54:33.267" /><!-- duration: 3ms -->
              </step><!-- duration: 66ms -->
            </step><!-- duration: 15999ms -->
          </step><!-- duration: 16165ms -->
          <step title="Cleaning up temp files" date="2025-12-16T14:54:33.428" /><!-- duration: 5ms -->
          <step title="Cleaning up temp files" date="2025-12-16T14:54:33.440" /><!-- duration: 510ms -->
          <step title="Reloading status file with latest updates" date="2025-12-16T14:54:33.977" >
            <step title="WebHooksManager.PublishEventAsync: PostDeployment" date="2025-12-16T14:54:33.983" /><!-- duration: 33ms -->
          </step><!-- duration: 42ms -->
          <step title="Cleaning up temporary deployment - fetch deployment was successful" date="2025-12-16T14:54:34.025" /><!-- duration: 3ms -->
        </step><!-- duration: 16971ms -->
      </step><!-- duration: 18823ms -->
