<step title="Incoming Request" date="2025-12-17T00:23:05.353" instance="dcab14" url="/api/deployments/latest?deployer=GITHUB_ZIP_DEPLOY&amp;time=2025-12-17_00-22-47Z" method="GET" type="request" pid="831,1,44" Host="aimediatank-azure.scm.azurewebsites.net" User-Agent="GITHUBACTIONS_DeployWebAppToAzure_d1b8f4feedacd7ce0abd0c7ccc364eba2b4832a1f79de51adaff15331b99d3be" Authorization="Bas..." Content-Type="application/json; charset=utf-8" Cookie="ARRAffinity=dcab14bc307e8b893ae539209e80d9347a445e97a63340276c4a56c9e08559da;Path=/;HttpOnly;Secure;Domain=aimediatank-azure.scm.azurewebsites.net; ARRAffinitySameSite=dcab14bc307e8b893ae539209e80d9347a445e97a63340276c4a56c9e08559da;Path=/;HttpOnly;SameSite=None;Secure;Domain=aimediatank-azure.scm.azurewebsites.net" Content-Length="0" X-ARR-LOG-ID="8e422074-0004-4330-b8dc-e187ad366ac6" CLIENT-IP="52.161.69.161:63361" X-SITE-DEPLOYMENT-ID="aimediatank-azure" WAS-DEFAULT-HOSTNAME="aimediatank-azure.scm.azurewebsites.net" X-Forwarded-Proto="https" X-AppService-Proto="https" X-Forwarded-TlsVersion="1.3" X-WAWS-Unencoded-URL="/api/deployments/latest?deployer=GITHUB_ZIP_DEPLOY&amp;time=2025-12-17_00-22-47Z" X-Client-IP="52.161.69.161" X-Client-Port="63361" >
  <step title="Cleanup Xml Logs" date="2025-12-17T00:23:05.355" >
    <step title="Cleanup Infos" date="2025-12-17T00:23:05.364" totalFiles="242" totalCleanup="82" /><!-- duration: 6ms -->
  </step><!-- duration: 19ms -->
  <step title="DeploymentService.GetResult" date="2025-12-17T00:23:05.415" >
    <step title="DeploymentService.GetLatestDeployment" date="2025-12-17T00:23:05.426" >
      <step title="DeploymentManager.GetResults" date="2025-12-17T00:23:05.429" /><!-- duration: 1659ms -->
    </step><!-- duration: 1671ms -->
  </step><!-- duration: 1686ms -->
  <step title="Outgoing response" date="2025-12-17T00:23:07.109" type="response" statusCode="202" statusText="Accepted" /><!-- duration: 17ms -->
</step><!-- duration: 1801ms -->
