<step title="Incoming Request" date="2025-12-16T23:55:02.727" instance="dcab14" url="/api/deployments/latest?deployer=GITHUB_ZIP_DEPLOY&amp;time=2025-12-16_23-54-56Z" method="GET" type="request" pid="831,1,24" Host="aimediatank-azure.scm.azurewebsites.net" User-Agent="GITHUBACTIONS_DeployWebAppToAzure_d1b8f4feedacd7ce0abd0c7ccc364eba2b4832a1f79de51adaff15331b99d3be" Authorization="Bas..." Content-Type="application/json; charset=utf-8" Cookie="ARRAffinity=dcab14bc307e8b893ae539209e80d9347a445e97a63340276c4a56c9e08559da;Path=/;HttpOnly;Secure;Domain=aimediatank-azure.scm.azurewebsites.net; ARRAffinitySameSite=dcab14bc307e8b893ae539209e80d9347a445e97a63340276c4a56c9e08559da;Path=/;HttpOnly;SameSite=None;Secure;Domain=aimediatank-azure.scm.azurewebsites.net" Content-Length="0" X-ARR-LOG-ID="ef6a80ad-87ac-4bb0-9c86-0f7e4328fb86" CLIENT-IP="145.132.102.243:38937" X-SITE-DEPLOYMENT-ID="aimediatank-azure" WAS-DEFAULT-HOSTNAME="aimediatank-azure.scm.azurewebsites.net" X-Forwarded-Proto="https" X-AppService-Proto="https" X-Forwarded-TlsVersion="1.3" X-WAWS-Unencoded-URL="/api/deployments/latest?deployer=GITHUB_ZIP_DEPLOY&amp;time=2025-12-16_23-54-56Z" X-Client-IP="145.132.102.243" X-Client-Port="38937" >
  <step title="Cleanup Xml Logs" date="2025-12-16T23:55:02.730" >
    <step title="Cleanup Infos" date="2025-12-16T23:55:02.741" totalFiles="231" totalCleanup="71" /><!-- duration: 5ms -->
  </step><!-- duration: 20ms -->
  <step title="DeploymentService.GetResult" date="2025-12-16T23:55:02.758" >
    <step title="DeploymentService.GetLatestDeployment" date="2025-12-16T23:55:02.768" >
      <step title="DeploymentManager.GetResults" date="2025-12-16T23:55:02.771" /><!-- duration: 594ms -->
    </step><!-- duration: 603ms -->
  </step><!-- duration: 623ms -->
  <step title="Outgoing response" date="2025-12-16T23:55:03.390" type="response" statusCode="202" statusText="Accepted" /><!-- duration: 16ms -->
</step><!-- duration: 690ms -->
