<step title="Incoming Request" date="2025-12-15T23:41:30.608" instance="dcab14" url="/api/zipdeploy?isAsync=true&amp;deployer=GITHUB_ZIP_DEPLOY&amp;message=%7B%22type%22%3A%22deployment%22%2C%22sha%22%3A%224a9d0b30283430c805ce79557e5b4bc6c03ff0ef%22%2C%22repoName%22%3A%22chongcho%2Faimediatank-azure%22%2C%22actor%22%3A%22chongcho%22%2C%22slotName%22%3A%22production%22%2C%22commitMessage%22%3A%22Add%20avatar%20and%20nickname%20section%20to%20registration%20page%22%7D" method="POST" type="request" pid="831,1,30" Host="aimediatank-azure.scm.azurewebsites.net" User-Agent="GITHUBACTIONS_DeployWebAppToAzure_d1b8f4feedacd7ce0abd0c7ccc364eba2b4832a1f79de51adaff15331b99d3be" Authorization="Bas..." Content-Type="application/octet-stream" Cookie="ARRAffinity=dcab14bc307e8b893ae539209e80d9347a445e97a63340276c4a56c9e08559da;Path=/;HttpOnly;Secure;Domain=aimediatank-azure.scm.azurewebsites.net; ARRAffinitySameSite=dcab14bc307e8b893ae539209e80d9347a445e97a63340276c4a56c9e08559da;Path=/;HttpOnly;SameSite=None;Secure;Domain=aimediatank-azure.scm.azurewebsites.net" Transfer-Encoding="chunked" X-ARR-LOG-ID="c1c72fc0-1a56-4c46-b351-e52bfb9626bb" CLIENT-IP="52.159.247.69:49216" X-SITE-DEPLOYMENT-ID="aimediatank-azure" WAS-DEFAULT-HOSTNAME="aimediatank-azure.scm.azurewebsites.net" X-Forwarded-Proto="https" X-AppService-Proto="https" X-Forwarded-TlsVersion="1.3" X-WAWS-Unencoded-URL="/api/zipdeploy?isAsync=true&amp;deployer=GITHUB_ZIP_DEPLOY&amp;message=%7B%22type%22%3A%22deployment%22%2C%22sha%22%3A%224a9d0b30283430c805ce79557e5b4bc6c03ff0ef%22%2C%22repoName%22%3A%22chongcho%2Faimediatank-azure%22%2C%22actor%22%3A%22chongcho%22%2C%22slotName%22%3A%22production%22%2C%22commitMessage%22%3A%22Add%20avatar%20and%20nickname%20section%20to%20registration%20page%22%7D" X-Client-IP="52.159.247.69" X-Client-Port="49216" >
  <step title="Cleanup Xml Logs" date="2025-12-15T23:41:30.611" /><!-- duration: 9ms -->
  <step title="ZipPushDeploy" date="2025-12-15T23:41:30.678" >
    <step title="ZipDeploy. Extract zip." date="2025-12-15T23:41:30.687" /><!-- duration: 3ms -->
    <step title="None repository commit" date="2025-12-15T23:41:30.697" >
      <step title="Commit id: eefbd51d-c3e7-43d6-aa1f-e580a2881941" date="2025-12-15T23:41:30.700" Message="N/A" AuthorName="N/A" AuthorEmail="N/A" /><!-- duration: 3ms -->
    </step><!-- duration: 9ms -->
    <step title="Starting PushDeployAsync" date="2025-12-15T23:41:30.710" /><!-- duration: 9ms -->
    <step title="Removing node_modules symlink" date="2025-12-15T23:41:30.817" >
      <step title="Removing _del_node_modules symlink" date="2025-12-15T23:41:30.917" >
        <step title="Writing artifact to /tmp/zipdeploy/0578517f-4067-490f-9705-d8685b685ac3.zip" date="2025-12-15T23:41:30.942" >
          <step title="Writing multipart request body to /tmp/zipdeploy/0578517f-4067-490f-9705-d8685b685ac3.zip" date="2025-12-15T23:41:30.946" /><!-- duration: 3ms -->
        </step><!-- duration: 3702ms -->
        <step title="Removing previous build artifact&apos;s manifest file" date="2025-12-15T23:41:34.686" >
          <step title="Start deployment in the background" date="2025-12-15T23:41:34.813" >
            <step title="Acquiring Deployment Lock" date="2025-12-15T23:41:34.992" /><!-- duration: 10ms -->
            <step title="Acquired Deployment Lock" date="2025-12-15T23:41:35.184" /><!-- duration: 18ms -->
          </step><!-- duration: 694ms -->
        </step><!-- duration: 878ms -->
        <step title="Outgoing response" date="2025-12-15T23:41:35.611" type="response" statusCode="202" statusText="Accepted" /><!-- duration: 39ms -->
      </step><!-- duration: 4753ms -->
