<step title="Incoming Request" date="2025-12-16T14:54:07.368" instance="dcab14" url="/api/zipdeploy?isAsync=true&amp;deployer=GITHUB_ZIP_DEPLOY&amp;message=%7B%22type%22%3A%22deployment%22%2C%22sha%22%3A%22c55cd72331160f9795ba6fa9a2670a5b494ed174%22%2C%22repoName%22%3A%22chongcho%2Faimediatank-azure%22%2C%22actor%22%3A%22chongcho%22%2C%22slotName%22%3A%22production%22%2C%22commitMessage%22%3A%22Add%20User%20ID%20duplication%20check%20feature%20on%20registration%20and%20profile%20edit%20screens%22%7D" method="POST" type="request" pid="833,1,5" Host="aimediatank-azure.scm.azurewebsites.net" User-Agent="GITHUBACTIONS_DeployWebAppToAzure_d1b8f4feedacd7ce0abd0c7ccc364eba2b4832a1f79de51adaff15331b99d3be" Authorization="Bas..." Content-Type="application/octet-stream" Cookie="ARRAffinity=dcab14bc307e8b893ae539209e80d9347a445e97a63340276c4a56c9e08559da;Path=/;HttpOnly;Secure;Domain=aimediatank-azure.scm.azurewebsites.net; ARRAffinitySameSite=dcab14bc307e8b893ae539209e80d9347a445e97a63340276c4a56c9e08559da;Path=/;HttpOnly;SameSite=None;Secure;Domain=aimediatank-azure.scm.azurewebsites.net" Transfer-Encoding="chunked" X-ARR-LOG-ID="e27f2082-35b8-45d6-afee-e15ac1972fcd" CLIENT-IP="52.173.108.19:57152" X-SITE-DEPLOYMENT-ID="aimediatank-azure" WAS-DEFAULT-HOSTNAME="aimediatank-azure.scm.azurewebsites.net" X-Forwarded-Proto="https" X-AppService-Proto="https" X-Forwarded-TlsVersion="1.3" X-WAWS-Unencoded-URL="/api/zipdeploy?isAsync=true&amp;deployer=GITHUB_ZIP_DEPLOY&amp;message=%7B%22type%22%3A%22deployment%22%2C%22sha%22%3A%22c55cd72331160f9795ba6fa9a2670a5b494ed174%22%2C%22repoName%22%3A%22chongcho%2Faimediatank-azure%22%2C%22actor%22%3A%22chongcho%22%2C%22slotName%22%3A%22production%22%2C%22commitMessage%22%3A%22Add%20User%20ID%20duplication%20check%20feature%20on%20registration%20and%20profile%20edit%20screens%22%7D" X-Client-IP="52.173.108.19" X-Client-Port="57152" >
  <step title="Cleanup Xml Logs" date="2025-12-16T14:54:07.370" /><!-- duration: 13ms -->
  <step title="ZipPushDeploy" date="2025-12-16T14:54:07.418" >
    <step title="ZipDeploy. Extract zip." date="2025-12-16T14:54:07.432" /><!-- duration: 3ms -->
    <step title="Starting PushDeployAsync" date="2025-12-16T14:54:07.440" /><!-- duration: 4ms -->
    <step title="Removing node_modules symlink" date="2025-12-16T14:54:07.486" >
      <step title="Writing artifact to /tmp/zipdeploy/6e51bd36-1b5b-4b69-a2a2-200b5ba6102a.zip" date="2025-12-16T14:54:07.542" >
        <step title="Writing multipart request body to /tmp/zipdeploy/6e51bd36-1b5b-4b69-a2a2-200b5ba6102a.zip" date="2025-12-16T14:54:07.546" /><!-- duration: 3ms -->
      </step><!-- duration: 1951ms -->
      <step title="Removing previous build artifact&apos;s manifest file" date="2025-12-16T14:54:09.503" >
        <step title="Start deployment in the background" date="2025-12-16T14:54:09.514" >
          <step title="Acquiring Deployment Lock" date="2025-12-16T14:54:09.528" /><!-- duration: 3ms -->
          <step title="Acquired Deployment Lock" date="2025-12-16T14:54:09.570" /><!-- duration: 3ms -->
        </step><!-- duration: 133ms -->
      </step><!-- duration: 154ms -->
      <step title="Outgoing response" date="2025-12-16T14:54:09.663" type="response" statusCode="202" statusText="Accepted" /><!-- duration: 3ms -->
    </step><!-- duration: 2184ms -->
