<step title="Incoming Request" date="2025-12-17T01:30:33.427" instance="dcab14" url="/api/deployments/latest?deployer=GITHUB_ZIP_DEPLOY&amp;time=2025-12-17_01-30-27Z" method="GET" type="request" pid="831,1,21" Host="aimediatank-azure.scm.azurewebsites.net" User-Agent="GITHUBACTIONS_DeployWebAppToAzure_d1b8f4feedacd7ce0abd0c7ccc364eba2b4832a1f79de51adaff15331b99d3be" Authorization="Bas..." Content-Type="application/json; charset=utf-8" Cookie="ARRAffinity=dcab14bc307e8b893ae539209e80d9347a445e97a63340276c4a56c9e08559da;Path=/;HttpOnly;Secure;Domain=aimediatank-azure.scm.azurewebsites.net; ARRAffinitySameSite=dcab14bc307e8b893ae539209e80d9347a445e97a63340276c4a56c9e08559da;Path=/;HttpOnly;SameSite=None;Secure;Domain=aimediatank-azure.scm.azurewebsites.net" Content-Length="0" X-ARR-LOG-ID="9de12304-54f8-476b-a0b5-bf7b08d36567" CLIENT-IP="68.220.62.97:22537" X-SITE-DEPLOYMENT-ID="aimediatank-azure" WAS-DEFAULT-HOSTNAME="aimediatank-azure.scm.azurewebsites.net" X-Forwarded-Proto="https" X-AppService-Proto="https" X-Forwarded-TlsVersion="1.3" X-WAWS-Unencoded-URL="/api/deployments/latest?deployer=GITHUB_ZIP_DEPLOY&amp;time=2025-12-17_01-30-27Z" X-Client-IP="68.220.62.97" X-Client-Port="22537" >
  <step title="Cleanup Xml Logs" date="2025-12-17T01:30:33.430" >
    <step title="Cleanup Infos" date="2025-12-17T01:30:33.449" totalFiles="250" totalCleanup="90" /><!-- duration: 4ms -->
  </step><!-- duration: 31ms -->
  <step title="DeploymentService.GetResult" date="2025-12-17T01:30:33.478" >
    <step title="DeploymentService.GetLatestDeployment" date="2025-12-17T01:30:33.482" >
      <step title="DeploymentManager.GetResults" date="2025-12-17T01:30:33.486" /><!-- duration: 635ms -->
    </step><!-- duration: 643ms -->
  </step><!-- duration: 649ms -->
  <step title="Outgoing response" date="2025-12-17T01:30:34.130" type="response" statusCode="202" statusText="Accepted" /><!-- duration: 3ms -->
</step><!-- duration: 711ms -->
