<step title="BackgroundTrace" date="2025-12-15T22:57:38.670" instance="dcab14" url="/api/zipdeploy" method="POST" >
  <step title="Cleanup Xml Logs" date="2025-12-15T22:57:38.673" /><!-- duration: 11ms -->
  <step title="Creating temporary deployment - FetchDeploymentManager" date="2025-12-15T22:57:38.751" /><!-- duration: 3ms -->
  <step title="Creating temporary deployment" date="2025-12-15T22:57:38.758" /><!-- duration: 65ms -->
  <step title="Performing fetch based deployment" date="2025-12-15T22:57:38.867" >
    <step title="Cleaning up temp folders from previous zip deployments and extracting pushed zip file /tmp/zipdeploy/d5f6087a-5c81-4ce4-953b-8412dc687b00.zip (158.96 MB) to /tmp/zipdeploy/extracted" date="2025-12-15T22:57:40.042" >
      <step title="ChmodRecursive Process exited with total time taken in ms: 192" date="2025-12-15T22:57:45.174" /><!-- duration: 18ms -->
    </step><!-- duration: 5154ms -->
    <step title="Deployment timer started" date="2025-12-15T22:57:47.218" >
      <step title="DeploymentManager.Deploy(id:547b7e9a-3080-4dce-a88e-6f67e743991b)" date="2025-12-15T22:57:47.223" >
        <step title="Collecting changeset information" date="2025-12-15T22:57:47.233" /><!-- duration: 92ms -->
        <step title="Updating submodules" date="2025-12-15T22:57:47.330" /><!-- duration: 1125ms -->
        <step title="Determining deployment builder" date="2025-12-15T22:57:48.695" >
          <step title="Builder is BasicBuilder" date="2025-12-15T22:57:48.708" /><!-- duration: 21ms -->
        </step><!-- duration: 38ms -->
        <step title="PreDeployment: context.CleanOutputPath False" date="2025-12-15T22:57:48.761" >
          <step title="PreDeployment: context.OutputPath /home/site/wwwroot" date="2025-12-15T22:57:48.879" >
            <step title="Building" date="2025-12-15T22:57:49.051" >
              <step title="Executing external process" date="2025-12-15T22:57:49.665" type="process" path="starter.sh" arguments="/opt/Kudu/Scripts/absoluteTar.sh /tmp/zipdeploy/extracted/node_modules /tmp/zipdeploy/extracted/node_modules.tar.gz" /><!-- duration: 5614ms -->
              <step title="Executing external process" date="2025-12-15T22:57:55.553" type="process" path="starter.sh" arguments="/opt/Kudu/Scripts/parallel_rsync.sh /tmp/zipdeploy/extracted /home/site/wwwroot 8 /tmp/ False True node_modules " /><!-- duration: 35386ms -->
              <step title="Triggering recycle (preview mode disabled)." date="2025-12-15T22:58:31.544" /><!-- duration: 4ms -->
              <step title="Modified file to trigger a restart of the app container." date="2025-12-15T22:58:31.569" /><!-- duration: 2ms -->
              <step title="Skip function trigger and logicapp sync because function is not enabled." date="2025-12-15T22:58:31.581" /><!-- duration: 6ms -->
            </step><!-- duration: 43553ms -->
          </step><!-- duration: 43731ms -->
          <step title="Cleaning up temp files" date="2025-12-15T22:58:32.612" /><!-- duration: 3ms -->
          <step title="Cleaning up temp files" date="2025-12-15T22:58:32.620" /><!-- duration: 510ms -->
          <step title="Reloading status file with latest updates" date="2025-12-15T22:58:33.172" >
            <step title="WebHooksManager.PublishEventAsync: PostDeployment" date="2025-12-15T22:58:33.178" /><!-- duration: 48ms -->
          </step><!-- duration: 57ms -->
          <step title="Cleaning up temporary deployment - fetch deployment was successful" date="2025-12-15T22:58:33.236" /><!-- duration: 3ms -->
        </step><!-- duration: 44546ms -->
      </step><!-- duration: 46115ms -->
