<step title="BackgroundTrace" date="2025-12-16T23:54:56.406" instance="dcab14" url="/api/zipdeploy" method="POST" >
  <step title="Creating temporary deployment - FetchDeploymentManager" date="2025-12-16T23:54:56.460" /><!-- duration: 2ms -->
  <step title="Creating temporary deployment" date="2025-12-16T23:54:56.466" /><!-- duration: 54ms -->
  <step title="Performing fetch based deployment" date="2025-12-16T23:54:56.610" >
    <step title="Cleaning up temp folders from previous zip deployments and extracting pushed zip file /tmp/zipdeploy/aa97b395-4601-4ec5-91dc-cd22ae77e2db.zip (100.87 MB) to /tmp/zipdeploy/extracted" date="2025-12-16T23:54:57.755" >
      <step title="ChmodRecursive Process exited with total time taken in ms: 93" date="2025-12-16T23:55:00.036" /><!-- duration: 4ms -->
    </step><!-- duration: 2288ms -->
    <step title="Deployment timer started" date="2025-12-16T23:55:02.056" >
      <step title="DeploymentManager.Deploy(id:8400f2f3-3e41-4fdb-9002-84ce0ec5af3a)" date="2025-12-16T23:55:02.065" >
        <step title="Collecting changeset information" date="2025-12-16T23:55:02.089" /><!-- duration: 93ms -->
        <step title="Updating submodules" date="2025-12-16T23:55:02.188" /><!-- duration: 1340ms -->
        <step title="Determining deployment builder" date="2025-12-16T23:55:03.738" >
          <step title="Builder is BasicBuilder" date="2025-12-16T23:55:03.744" /><!-- duration: 4ms -->
        </step><!-- duration: 18ms -->
        <step title="PreDeployment: context.CleanOutputPath False" date="2025-12-16T23:55:03.813" >
          <step title="PreDeployment: context.OutputPath /home/site/wwwroot" date="2025-12-16T23:55:03.944" >
            <step title="Building" date="2025-12-16T23:55:04.068" >
              <step title="Executing external process" date="2025-12-16T23:55:04.605" type="process" path="starter.sh" arguments="/opt/Kudu/Scripts/absoluteTar.sh /tmp/zipdeploy/extracted/node_modules /tmp/zipdeploy/extracted/node_modules.tar.gz" /><!-- duration: 5267ms -->
              <step title="Executing external process" date="2025-12-16T23:55:10.151" type="process" path="starter.sh" arguments="/opt/Kudu/Scripts/parallel_rsync.sh /tmp/zipdeploy/extracted /home/site/wwwroot 8 /tmp/ False True node_modules " /><!-- duration: 7528ms -->
              <step title="Triggering recycle (preview mode disabled)." date="2025-12-16T23:55:18.351" /><!-- duration: 8ms -->
              <step title="Modified file to trigger a restart of the app container." date="2025-12-16T23:55:18.388" /><!-- duration: 3ms -->
              <step title="Skip function trigger and logicapp sync because function is not enabled." date="2025-12-16T23:55:18.395" /><!-- duration: 3ms -->
              <step title="Purge deployment items" date="2025-12-16T23:55:19.566" >
                <step title="Remove 746203e7-, Success, received at 12/15/2025 23:06:47" date="2025-12-16T23:55:19.618" /><!-- duration: 3ms -->
              </step><!-- duration: 58ms -->
            </step><!-- duration: 15627ms -->
          </step><!-- duration: 15774ms -->
          <step title="Cleaning up temp files" date="2025-12-16T23:55:19.721" /><!-- duration: 3ms -->
          <step title="Cleaning up temp files" date="2025-12-16T23:55:19.726" /><!-- duration: 504ms -->
          <step title="Reloading status file with latest updates" date="2025-12-16T23:55:20.262" >
            <step title="WebHooksManager.PublishEventAsync: PostDeployment" date="2025-12-16T23:55:20.266" /><!-- duration: 31ms -->
          </step><!-- duration: 37ms -->
          <step title="Cleaning up temporary deployment - fetch deployment was successful" date="2025-12-16T23:55:20.305" /><!-- duration: 3ms -->
        </step><!-- duration: 16572ms -->
      </step><!-- duration: 18335ms -->
