﻿<?xml version="1.0" encoding="utf-8"?>
<deployment>
  <id>2e89d62a-6dca-4df6-99ff-aab378d8647d</id>
  <author>N/A</author>
  <deployer>GITHUB_ZIP_DEPLOY</deployer>
  <authorEmail>N/A</authorEmail>
  <message>{"type":"deployment","sha":"55024bbb71e4990e0d14ace5bfcfb8a86cc87e1a","repoName":"chongcho/aimediatank-azure","actor":"chongcho","slotName":"production","commitMessage":"Retry deployment after enabling basic auth"}</message>
  <progress></progress>
  <status>Success</status>
  <statusText></statusText>
  <lastSuccessEndTime>2025-12-15T19:32:21.8849804Z</lastSuccessEndTime>
  <receivedTime>2025-12-15T19:32:00.003213Z</receivedTime>
  <startTime>2025-12-15T19:32:01.3313441Z</startTime>
  <endTime>2025-12-15T19:32:21.8849804Z</endTime>
  <complete>True</complete>
  <is_temp>False</is_temp>
  <is_readonly>True</is_readonly>
  <buildSummary />
</deployment>