﻿<?xml version="1.0" encoding="utf-8"?>
<deployment>
  <id>53daa039-ddee-4693-99bb-3d1b3766f026</id>
  <author>N/A</author>
  <deployer>Push-Deployer</deployer>
  <authorEmail>N/A</authorEmail>
  <message>Created via a push deployment</message>
  <progress></progress>
  <status>Success</status>
  <statusText></statusText>
  <lastSuccessEndTime>2025-12-15T19:08:28.674581Z</lastSuccessEndTime>
  <receivedTime>2025-12-15T19:08:18.4001119Z</receivedTime>
  <startTime>2025-12-15T19:08:19.7357094Z</startTime>
  <endTime>2025-12-15T19:08:28.674581Z</endTime>
  <complete>True</complete>
  <is_temp>False</is_temp>
  <is_readonly>True</is_readonly>
  <buildSummary />
</deployment>