﻿<?xml version="1.0" encoding="utf-8"?>
<deployment>
  <id>7c876dbe-0eef-4db1-8a2d-44f8cc2585bf</id>
  <author>N/A</author>
  <deployer>GITHUB_ZIP_DEPLOY</deployer>
  <authorEmail>N/A</authorEmail>
  <message>{"type":"deployment","sha":"fefed7e1f410b59cd45e5a51b8a601b43149e882","repoName":"chongcho/aimediatank-azure","actor":"chongcho","slotName":"production","commitMessage":"Change Location field to country selector dropdown"}</message>
  <progress></progress>
  <status>Success</status>
  <statusText></statusText>
  <lastSuccessEndTime>2025-12-16T15:08:49.8937189Z</lastSuccessEndTime>
  <receivedTime>2025-12-16T15:08:33.7502778Z</receivedTime>
  <startTime>2025-12-16T15:08:35.1832247Z</startTime>
  <endTime>2025-12-16T15:08:49.8937189Z</endTime>
  <complete>True</complete>
  <is_temp>False</is_temp>
  <is_readonly>True</is_readonly>
  <buildSummary />
</deployment>