﻿<?xml version="1.0" encoding="utf-8"?>
<deployment>
  <id>8400f2f3-3e41-4fdb-9002-84ce0ec5af3a</id>
  <author>N/A</author>
  <deployer>GITHUB_ZIP_DEPLOY</deployer>
  <authorEmail>N/A</authorEmail>
  <message>{"type":"deployment","sha":"65f1c62b6632c2ce779ed8847c714e37e5dd75ff","repoName":"chongcho/aimediatank-azure","actor":"chongcho","slotName":"production","commitMessage":"Upload button now redirects to Membership page for plan selection"}</message>
  <progress></progress>
  <status>Success</status>
  <statusText></statusText>
  <lastSuccessEndTime>2025-12-16T23:55:18.7630912Z</lastSuccessEndTime>
  <receivedTime>2025-12-16T23:55:02.1293963Z</receivedTime>
  <startTime>2025-12-16T23:55:03.6743238Z</startTime>
  <endTime>2025-12-16T23:55:18.7630912Z</endTime>
  <complete>True</complete>
  <is_temp>False</is_temp>
  <is_readonly>True</is_readonly>
  <buildSummary />
</deployment>