﻿<?xml version="1.0" encoding="utf-8"?>
<deployment>
  <id>5f0f4d00-ec4f-46b9-a877-c2b8154fb6c5</id>
  <author>N/A</author>
  <deployer>GITHUB_ZIP_DEPLOY</deployer>
  <authorEmail>N/A</authorEmail>
  <message>{"type":"deployment","sha":"6cb8435ab00d8e56169d93a60bc2b9e9d0ab86d5","repoName":"chongcho/aimediatank-azure","actor":"chongcho","slotName":"production","commitMessage":"Force redeployment with email verification button"}</message>
  <progress></progress>
  <status>Success</status>
  <statusText></statusText>
  <lastSuccessEndTime>2025-12-15T22:28:28.5733795Z</lastSuccessEndTime>
  <receivedTime>2025-12-15T22:27:41.965725Z</receivedTime>
  <startTime>2025-12-15T22:27:43.3228078Z</startTime>
  <endTime>2025-12-15T22:28:28.5733795Z</endTime>
  <complete>True</complete>
  <is_temp>False</is_temp>
  <is_readonly>True</is_readonly>
  <buildSummary />
</deployment>