﻿<?xml version="1.0" encoding="utf-8"?>
<deployment>
  <id>5c538ff4-7378-4cd7-9cd0-55dab1653290</id>
  <author>N/A</author>
  <deployer>GITHUB_ZIP_DEPLOY</deployer>
  <authorEmail>N/A</authorEmail>
  <message>{"type":"deployment","sha":"907d8ce9d4c2e842413ef76e65bef45af679b252","repoName":"chongcho/aimediatank-azure","actor":"chongcho","slotName":"production","commitMessage":"Fix Stripe checkout: use existing price IDs instead of price_data"}</message>
  <progress></progress>
  <status>Success</status>
  <statusText></statusText>
  <lastSuccessEndTime>2025-12-17T01:30:49.9322781Z</lastSuccessEndTime>
  <receivedTime>2025-12-17T01:30:33.169717Z</receivedTime>
  <startTime>2025-12-17T01:30:34.5530662Z</startTime>
  <endTime>2025-12-17T01:30:49.9322781Z</endTime>
  <complete>True</complete>
  <is_temp>False</is_temp>
  <is_readonly>True</is_readonly>
  <buildSummary />
</deployment>