﻿<?xml version="1.0" encoding="utf-8"?>
<deployment>
  <id>c24313cd-2965-4f49-a8a1-82563d3c1c85</id>
  <author>N/A</author>
  <deployer>GITHUB_ZIP_DEPLOY</deployer>
  <authorEmail>N/A</authorEmail>
  <message>{"type":"deployment","sha":"895370966f1b788291e67f05cf482d3620d11bde","repoName":"chongcho/aimediatank-azure","actor":"chongcho","slotName":"production","commitMessage":"Force clean build for email verification feature"}</message>
  <progress></progress>
  <status>Success</status>
  <statusText></statusText>
  <lastSuccessEndTime>2025-12-15T22:45:22.7905624Z</lastSuccessEndTime>
  <receivedTime>2025-12-15T22:44:33.5416623Z</receivedTime>
  <startTime>2025-12-15T22:44:35.0081436Z</startTime>
  <endTime>2025-12-15T22:45:22.7905624Z</endTime>
  <complete>True</complete>
  <is_temp>False</is_temp>
  <is_readonly>True</is_readonly>
  <buildSummary />
</deployment>