﻿<?xml version="1.0" encoding="utf-8"?>
<deployment>
  <id>39342ebd-ad9b-4e1f-b918-2c493bafa049</id>
  <author>N/A</author>
  <deployer>GITHUB_ZIP_DEPLOY</deployer>
  <authorEmail>N/A</authorEmail>
  <message>{"type":"deployment","sha":"0d87cc9b58eba3ef9a6c6a2e38cd35b6587d9eb5","repoName":"chongcho/aimediatank-azure","actor":"chongcho","slotName":"production","commitMessage":"Add Viewer Plan to Membership pricing page"}</message>
  <progress></progress>
  <status>Success</status>
  <statusText></statusText>
  <lastSuccessEndTime>2025-12-16T23:46:53.1633193Z</lastSuccessEndTime>
  <receivedTime>2025-12-16T23:46:36.0788083Z</receivedTime>
  <startTime>2025-12-16T23:46:37.4247368Z</startTime>
  <endTime>2025-12-16T23:46:53.1633193Z</endTime>
  <complete>True</complete>
  <is_temp>False</is_temp>
  <is_readonly>True</is_readonly>
  <buildSummary />
</deployment>