﻿<?xml version="1.0" encoding="utf-8"?>
<deployment>
  <id>19828504-8dda-4cbc-bbfa-a94d3b68b066</id>
  <author>N/A</author>
  <deployer>GITHUB_ZIP_DEPLOY</deployer>
  <authorEmail>N/A</authorEmail>
  <message>{"type":"deployment","sha":"5b75459f47246f6d01f190af2ee6704a976df2ef","repoName":"chongcho/aimediatank-azure","actor":"chongcho","slotName":"production","commitMessage":"Update Nickname field: label to Nickname Display Name and placeholder to Type here"}</message>
  <progress></progress>
  <status>Success</status>
  <statusText></statusText>
  <lastSuccessEndTime>2025-12-16T01:02:58.1969404Z</lastSuccessEndTime>
  <receivedTime>2025-12-16T01:02:40.40496Z</receivedTime>
  <startTime>2025-12-16T01:02:41.7184754Z</startTime>
  <endTime>2025-12-16T01:02:58.1969404Z</endTime>
  <complete>True</complete>
  <is_temp>False</is_temp>
  <is_readonly>True</is_readonly>
  <buildSummary />
</deployment>