﻿<?xml version="1.0" encoding="utf-8"?>
<deployment>
  <id>613372e4-f658-489a-9cdf-a1c63ae6131f</id>
  <author>N/A</author>
  <deployer>GITHUB_ZIP_DEPLOY</deployer>
  <authorEmail>N/A</authorEmail>
  <message>{"type":"deployment","sha":"db9801796cdc6a7a220fada7f5814b685c373baa","repoName":"chongcho/aimediatank-azure","actor":"chongcho","slotName":"production","commitMessage":"Add real-time email verification on registration"}</message>
  <progress></progress>
  <status>Success</status>
  <statusText></statusText>
  <lastSuccessEndTime>2025-12-15T20:04:20.0145108Z</lastSuccessEndTime>
  <receivedTime>2025-12-15T20:03:31.5709934Z</receivedTime>
  <startTime>2025-12-15T20:03:32.8735626Z</startTime>
  <endTime>2025-12-15T20:04:20.0145108Z</endTime>
  <complete>True</complete>
  <is_temp>False</is_temp>
  <is_readonly>True</is_readonly>
  <buildSummary />
</deployment>