﻿<?xml version="1.0" encoding="utf-8"?>
<deployment>
  <id>5d5a9208-5e0d-46df-a82b-014390ebd1bb</id>
  <author>N/A</author>
  <deployer>GITHUB_ZIP_DEPLOY</deployer>
  <authorEmail>N/A</authorEmail>
  <message>{"type":"deployment","sha":"c55cd72331160f9795ba6fa9a2670a5b494ed174","repoName":"chongcho/aimediatank-azure","actor":"chongcho","slotName":"production","commitMessage":"Add User ID duplication check feature on registration and profile edit screens"}</message>
  <progress></progress>
  <status>Success</status>
  <statusText></statusText>
  <lastSuccessEndTime>2025-12-16T14:54:32.3486956Z</lastSuccessEndTime>
  <receivedTime>2025-12-16T14:54:15.3273926Z</receivedTime>
  <startTime>2025-12-16T14:54:16.9735425Z</startTime>
  <endTime>2025-12-16T14:54:32.3486956Z</endTime>
  <complete>True</complete>
  <is_temp>False</is_temp>
  <is_readonly>True</is_readonly>
  <buildSummary />
</deployment>